id_txn,fecha,cliente_nombre,sucursal,categoria,cantidad,precio_unitario,costo_unitario,metodo_pago,estado_transaccion,monto_total_raw
1,2026-06-25,Camila Díaz,Miraflores,Alimentos,6,1378.92506014084,1133.28598959928,Yape,Pendiente,13431.54446901728
2,2026-09-01,Mónica Cordero,San Isidro,Hogar,9,822.077173670974,1359.47505370302,Efectivo,Completado,12883.60942945568
3,2026-12-05,Rafael Guzmán,Trujillo,Hogar,4,876.542579192719,394.975230852437,Yape,Cancelado,1641.190052612942
4,2026-04-21,Felipe Mendoza,San Isidro,Ropa,6,1083.59147636994,594.513299497684,Efectivo,Cancelado,6050.56705655430
5,2026-03-10,,Cusco,Hogar,7,249.678718563743,621.31932869977,Efectivo,Pendiente,189.692006118302
6,2026-04-20,Matías Núñez,San Isidro,Hogar,9,1113.00253990966,198.228227971171,Yape,Pendiente,9423.41428785710
7,2026-11-02,Sofía Morales,Trujillo,Alimentos,8,355.513693657609,846.805670679352,Yape,Cancelado,7155.44717566784
8,2026-11-22,Pablo Torres,Arequipa,Ropa,6,611.548060448145,511.576155452803,Yape,Pendiente,8332.91002575648
9,2026-10-15,Mariana López,San Isidro,Hogar,1,1275.73875064901,908.521716220816,Plin,Cancelado,2808.392765106294
10,2026-08-25,Raúl Espinoza,Trujillo,Electrónica,2,1719.24451308099,1563.0464909791,Plin,Pendiente,5648.924574606446
11,2026-10-16,Verónica León,Cusco,Electrónica,6,1199.24063954003,344.915681975194,Yape,Pendiente,9359.51587999869
12,2026-09-29,Martina Delgado,San Isidro,Ropa,2,1445.78420897428,1499.59806949479,Efectivo,Cancelado,4619.51487620956
13,2026-03-13,Adriana Núñez,Cusco,Alimentos,10,789.426398397651,1584.56680822793,Plin,Pendiente,1021.84246645563
14,2026-03-26,,Cusco,Hogar,8,1910.4819997989,1625.90437326741,Tarjeta,Completado,4187.51930190648
15,2026-11-03,Valeria Fuentes,Trujillo,Hogar,5,454.116261161445,1281.55682491077,Yape,Pendiente,1731.595579481999
16,2026-10-16,Rodrigo Castro,Miraflores,Alimentos,8,796.275054927126,1429.19136390883,Plin,Pendiente,993.545487795076
17,2026-12-19,Natalia Ortiz,Miraflores,Ropa,8,1488.89477913906,1153.65259444868,Tarjeta,Cancelado,2991.955153186746
18,2026-03-27,Elena Vargas,San Isidro,Hogar,10,1059.25941992029,449.987813497744,Yape,Pendiente,12381.23242582699
19,2027-03-01,Antonio Rojas,San Isidro,Hogar,5,955.334990588149,1740.14254074533,Plin,Cancelado,13139.89983159543
20,2026-12-06,Sergio Delgado,Cusco,Hogar,6,1547.77814515296,1560.79897119163,Yape,Pendiente,943.060023324093
21,2026-08-25,Camila Díaz,Trujillo,Electrónica,5,1950.19759561279,506.368505466095,Plin,Completado,6974.93594797890
22,2026-08-31,Jorge Morales,Trujillo,Alimentos,7,1091.31373214763,774.548810305379,Plin,Completado,764.751176240826
23,2026-12-04,Felipe Mendoza,Arequipa,Ropa,7,1707.94308428305,1988.41560175844,Efectivo,Pendiente,460.2540597022490
24,2026-04-14,Silvia Peña,Trujillo,Ropa,10,552.215528833343,94.6976709538879,Efectivo,Cancelado,4162.9593700176
25,2027-02-12,Fernanda Soto,San Isidro,Ropa,3,323.721148550634,590.331804539805,Efectivo,Pendiente,1925.43272557098
26,2026-03-22,Matías Núñez,Arequipa,Hogar,9,572.877715314593,1344.54943499396,Efectivo,Pendiente,1452.9682528316
27,2026-05-06,Tomás Chávez,Cusco,Electrónica,6,219.731700856897,1746.58582636251,Yape,Pendiente,1864.056406670876
28,2027-01-22,,Trujillo,Hogar,3,-322.609800118229,39.2030270654633,Yape,Completado,4952.23235766168
29,2026-06-23,Elena Vargas,Miraflores,Hogar,7,1198.24532222627,1266.94230186835,Efectivo,Completado,9704.27536693764
30,2027-01-27,Tomás Chávez,Cusco,Ropa,9,1810.91559438379,227.805798300541,Tarjeta,Pendiente,16274.19831885279
31,2026-12-11,Rodrigo Castro,Cusco,Alimentos,5,1491.46241656396,270.524459831771,Tarjeta,Cancelado,4602.981973266688
32,2027-02-22,Fernanda Soto,Arequipa,Alimentos,7,1568.22367075493,1896.98839475911,Efectivo,Completado,1459.5879217077
33,2026-12-22,Andrés Campos,San Isidro,Alimentos,6,1493.12619599513,1810.80350014058,Efectivo,Pendiente,5920.57892188944
34,2026-12-14,Claudia Chávez,Cusco,Electrónica,5,1744.59157095372,1428.47885376414,Efectivo,Cancelado,4935.741427560394
35,2026-09-02,Sofía Morales,Trujillo,Electrónica,9,1495.39262405453,149.382934185188,Tarjeta,Pendiente,2544.241468009392
36,2026-11-06,Jorge Morales,Cusco,Alimentos,7,527.612137908947,1868.39331341211,Efectivo,Completado,489.1136537573685
37,2026-08-22,Fernanda Soto,Miraflores,Hogar,11,874.433216719859,1609.21174120549,Yape,Cancelado,5320.749087952884
38,2027-02-04,Claudia Chávez,Cusco,Electrónica,7,1773.84029523376,1934.19239354194,Yape,Completado,17092.39693290510
39,2026-08-01,Ana Silva,Cusco,Alimentos,4,1603.3731358058,1154.85209291845,Efectivo,Completado,1674.837155926225
40,2027-01-13,Ana Silva,Trujillo,Ropa,6,876.374845782585,737.081984181741,Yape,Cancelado,2799.002265207522
41,2026-11-23,Carmen Flores,Cusco,Alimentos,6,1830.22445686494,1668.03576147879,Efectivo,Cancelado,117.2282853700885
42,2026-11-27,Sergio Delgado,Trujillo,Alimentos,7,1637.39330150283,1292.91027014871,Efectivo,Cancelado,720.122262770008
43,2027-01-25,Natalia Ortiz,Cusco,Ropa,9,269.327796844584,1260.58882760663,Plin,Cancelado,4082.707137111128
44,2026-07-24,Natalia Ortiz,Miraflores,Alimentos,5,934.931259613574,1319.98686871914,Plin,Cancelado,3299.125664544136
45,2026-11-06,Isabel Castillo,Cusco,Alimentos,1,637.678594112453,800.595658631624,Plin,Cancelado,ERROR
46,2026-04-29,María García,Cusco,Alimentos,1,589.787194743761,497.737623585628,Tarjeta,Cancelado,17575.81138769544
47,2027-01-05,Carlos Ruiz,Trujillo,Alimentos,11,1667.54778481857,465.91155159612,Tarjeta,Completado,700.633652104638
48,2027-01-02,Patricia Ramos,Miraflores,Alimentos,5,1171.78765926349,1594.04896753313,Yape,Cancelado,1651.37968746870
49,2026-07-28,Adriana Núñez,Cusco,Hogar,10,1868.23095757684,1038.29182219825,Yape,Completado,1690.314350008272
50,2026-07-05,Raúl Espinoza,San Isidro,Alimentos,1,270.495461421581,1090.32560744604,Efectivo,Cancelado,855.78942258337
51,2026-08-31,Héctor Salazar,San Isidro,Ropa,4,1614.63646099051,990.275427473348,Tarjeta,Cancelado,3557.02887087714
52,2026-03-27,Andrés Campos,Arequipa,Alimentos,5,146.000769258748,537.905412622059,Efectivo,Cancelado,3550.667832596712
53,2027-02-13,Gloria Guzmán,Miraflores,Electrónica,10,902.761011633837,1563.30593011794,Yape,Cancelado,
54,2026-08-24,María García,San Isidro,Hogar,7,826.149461933672,181.190284771807,Yape,Completado,7598.10811781693
55,2026-03-16,Juan Pérez,Arequipa,Alimentos,2,363.656120750037,1723.64628425836,Tarjeta,Cancelado,5829.402907132314
56,2026-10-10,Daniela Peña,Cusco,Hogar,7,1618.52156241804,564.405056461738,Efectivo,Pendiente,7831.59160635590
57,2026-06-28,Valeria Fuentes,Cusco,Electrónica,8,1994.67710728343,1837.97959375798,Yape,Cancelado,3200.451942309345
58,2026-05-26,Gabriela Suárez,Miraflores,Hogar,5,402.929149463332,1402.4677523902,Yape,Pendiente,11121.72496802930
59,2026-04-06,Rosa Castillo,Arequipa,Electrónica,6,710.796516582486,840.093134161237,Plin,Completado,10134.13014974696
60,2026-11-24,Matías Núñez,Trujillo,Hogar,10,1559.49702534267,576.674102673705,Efectivo,Pendiente,1207.912003656426
61,2026-06-13,Alberto Ponce,Arequipa,Alimentos,3,471.610140071959,1949.6924927764,Yape,Pendiente,13820.80463356572
62,2026-03-18,Luis Rojas,Trujillo,Electrónica,3,1727.22748691207,1162.16907882613,Efectivo,Pendiente,10227.60359957436
63,2026-11-12,Mariana López,San Isidro,Alimentos,2,335.717344533708,74.1069976942482,Efectivo,Completado,9583.615070065430
64,2027-02-20,Martina Delgado,Trujillo,Ropa,6,469.420940646171,1769.37188721727,Plin,Completado,3142.748421824724
65,2026-06-15,Elena Vargas,Miraflores,Alimentos,6,1235.53373366582,1289.70443711778,Plin,Cancelado,8811.29069928842
66,2026-12-25,Verónica León,Miraflores,Electrónica,7,784.247728869889,480.827777454079,Tarjeta,Pendiente,3451.06914596488
67,2026-06-17,Tomás Chávez,Trujillo,Electrónica,2,1683.22658565939,195.622911231755,Tarjeta,Cancelado,316.3610203636790
68,2027-01-12,Claudia Chávez,San Isidro,Alimentos,11,1501.82543351578,262.949658159645,Efectivo,Cancelado,1358.236087153598
69,2026-12-07,Juan Pérez,Arequipa,Hogar,8,677.741497266442,283.014077632382,Efectivo,Cancelado,1371.907653987093
70,2027-02-26,Silvia Peña,Cusco,Hogar,6,1386.056702024,1036.72913682225,Tarjeta,Cancelado,9346.78567170278
71,2026-05-09,María García,Miraflores,Electrónica,4,1089.98730350474,1283.65142950484,Yape,Completado,707.351957131494
72,2027-02-26,Javier Lozano,Cusco,Electrónica,8,1832.29657435583,88.2923282277065,Plin,Pendiente,401.4420052688950
73,2026-11-12,Jorge Morales,Miraflores,Hogar,5,1958.20480106477,1811.37928612459,Tarjeta,Completado,10175.19096824976
74,2026-11-03,Valeria Fuentes,Cusco,Alimentos,9,1479.7956436306,1385.29470945291,Efectivo,Pendiente,3510.05788233450
75,2026-07-06,Valeria Fuentes,Trujillo,Electrónica,10,1441.49466693805,1252.01991652805,Tarjeta,Pendiente,4290.23135309241
76,2026-10-08,Miguel Herrera,Trujillo,Hogar,1,-594.628505563668,169.282041084541,Tarjeta,Completado,5913.16927059597
77,2026-09-18,Adriana Núñez,Cusco,Alimentos,3,226.473416145112,626.375476060235,Plin,Cancelado,2814.278180004528
78,2026-06-28,Héctor Salazar,Arequipa,Hogar,8,838.930595938024,181.406254310898,Tarjeta,Pendiente,1393.951575048158
79,2026-07-11,Alejandra Ríos,Cusco,Alimentos,7,469.963444185191,763.755842038593,Yape,Pendiente,5533.74528332624
80,2026-04-14,Valentina Espinoza,San Isidro,Electrónica,1,1624.50438146134,1673.19025188668,Tarjeta,Cancelado,1536.236727177744
81,2026-12-08,Lorena Campos,Cusco,Hogar,2,294.971359287658,1239.20778077636,Tarjeta,Completado,13075.14225850735
82,2027-02-20,Rosa Castillo,Miraflores,Electrónica,9,1859.37100606998,1749.01784867325,Efectivo,Completado,3827.07737624488
83,2026-03-13,Oscar Navarro,San Isidro,Electrónica,7,1612.60234109987,792.08106865534,Efectivo,Pendiente,9088.856475562340
84,2026-06-09,Daniela Paredes,Miraflores,Ropa,6,1092.38951463585,1621.09540654707,Plin,Cancelado,12463.75606969066
85,2026-08-29,Patricia Ramos,Arequipa,Ropa,1,1449.87259252146,1212.6346099538,Plin,Pendiente,5441.763556904367
86,2026-11-14,Héctor Salazar,San Isidro,Electrónica,6,783.06171146548,768.158816148074,Efectivo,Cancelado,5713.83670678605
87,2027-01-29,Felipe Mendoza,San Isidro,Hogar,10,1729.16464617945,114.231704341131,Yape,Pendiente,8816.12393723016
88,2026-07-28,Roberto Meza,Miraflores,Hogar,5,555.731926568119,1130.86418063329,Yape,Cancelado,12036.75166405704
89,2026-06-26,Tomás Chávez,Miraflores,Hogar,7,735.494935397879,779.229807675653,Tarjeta,Pendiente,5941.873838888994
90,2027-02-16,Carlos Ruiz,Cusco,Electrónica,10,560.295993300776,808.14567805085,Efectivo,Cancelado,6464.7502950955
91,2026-10-01,Gustavo Soto,Cusco,Ropa,4,1005.592228137,1333.4788232649,Yape,Pendiente,1099.503772525824
92,2026-10-18,Rosa Castillo,Trujillo,Electrónica,1,230.029437211287,643.033059044072,Yape,Pendiente,5388.100416761250
93,2026-10-25,Valentina Espinoza,San Isidro,Ropa,9,1387.24781976272,641.357542118225,Tarjeta,Cancelado,ERROR
94,2026-12-13,,Cusco,Ropa,6,1413.82971139151,935.517527631578,Plin,Completado,554.571683978971
95,2026-11-09,Fernando Castro,Cusco,Alimentos,10,914.580699339694,1281.59580616142,Tarjeta,Pendiente,224.918321250908
96,2026-05-17,Felipe Mendoza,Trujillo,Ropa,3,483.137298511055,1822.06623724052,Yape,Completado,2164.285590018981
97,2026-10-18,Miguel Herrera,Trujillo,Alimentos,10,1671.39227273512,1884.5577218681,Efectivo,Pendiente,5966.41843849578
98,2026-05-25,Gloria Guzmán,Cusco,Alimentos,6,1727.76024216452,1992.46503745479,Efectivo,Cancelado,8334.57401528724
99,2027-01-22,Miguel Herrera,Trujillo,Electrónica,10,785.317285740054,21.2484385846236,Plin,Completado,7913.2118758448
100,2026-07-27,Tomás Chávez,Trujillo,Alimentos,4,237.963661174488,408.824594602202,Yape,Completado,5294.020500587385
101,2027-02-03,Antonio Rojas,Cusco,Alimentos,9,805.046139378378,171.912937161484,Yape,Pendiente,
102,2026-06-18,Pablo Torres,San Isidro,Electrónica,10,1792.92027103367,657.863495536909,Tarjeta,Completado,624.621839748816
103,2027-02-28,Lorena Campos,San Isidro,Electrónica,8,1597.35907387396,271.91348713852,Yape,Completado,3876.46182512052
104,2027-03-01,Rodrigo Castro,Arequipa,Ropa,9,842.595663866798,1475.77087955314,Efectivo,Completado,4370.16256208481
105,2027-02-27,Rosa Castillo,Cusco,Electrónica,11,357.211585569965,588.525270668727,Efectivo,Pendiente,8364.42890999496
106,2026-11-15,Luis Rojas,Miraflores,Alimentos,2,961.222097655349,368.564389520644,Yape,Pendiente,2649.823376323770
107,2026-10-13,Fernanda Soto,San Isidro,Alimentos,11,869.828327241772,1716.86329254747,Plin,Cancelado,2792.030072752764
108,2026-05-02,Paola Jiménez,Miraflores,Ropa,10,353.310084362842,945.246361198468,Efectivo,Pendiente,14186.14655341250
109,2027-01-23,Valentina Espinoza,Arequipa,Alimentos,6,1483.47662841296,970.317629843197,Yape,Pendiente,942.889167753040
110,2026-06-26,Gabriela Suárez,Arequipa,Electrónica,5,84.0863833688998,984.892672222903,Efectivo,Completado,4280.810722261434
111,2026-07-10,Adriana Núñez,Cusco,Hogar,9,543.241931773121,615.184543533491,Plin,Cancelado,16014.44543950584
112,2026-11-11,Natalia Ortiz,Arequipa,Ropa,11,1727.75898363371,1259.09873807661,Tarjeta,Cancelado,3988.235546452482
113,2027-01-09,Patricia Ramos,San Isidro,Alimentos,2,1824.29809852918,1601.99240008857,Plin,Cancelado,886.094224639705
114,2026-11-24,Martina Delgado,Arequipa,Alimentos,9,1080.90354196276,1583.10202093779,Tarjeta,Pendiente,17721.39251552395
115,2026-05-22,Natalia Ortiz,Cusco,Alimentos,11,1675.22257020492,1390.46071341826,Yape,Cancelado,2527.12177959122
116,2026-07-20,José Díaz,Miraflores,Hogar,11,756.294711660739,478.072974689268,Efectivo,Pendiente,7109.99176942680
117,2026-08-31,Claudia Chávez,Cusco,Hogar,5,282.344404325744,740.760688645939,Plin,Cancelado,10835.63614874069
118,2027-02-11,Martina Delgado,San Isidro,Hogar,7,347.312148964933,1708.55655424609,Efectivo,Pendiente,8533.643701463111
119,2026-03-23,Camila Díaz,San Isidro,Ropa,2,587.052805950958,1241.62812243983,Tarjeta,Pendiente,ERROR
120,2027-01-05,María García,Trujillo,Electrónica,2,152.338501239071,917.775947654736,Efectivo,Pendiente,6983.258915987740
121,2027-02-08,Gustavo Soto,Arequipa,Alimentos,8,723.269049710705,185.86600322013,Tarjeta,Cancelado,10015.387305117205
122,2026-05-08,Ana Silva,Cusco,Hogar,10,1415.96465780677,1992.28010333493,Plin,Pendiente,3385.26670722042
123,2027-01-22,Roberto Meza,Miraflores,Electrónica,8,1537.89899425185,1095.22089565402,Plin,Cancelado,1233.30635204212
124,2027-01-01,Lorena Campos,Miraflores,Hogar,5,-702.749950648662,1716.62293457997,Tarjeta,Cancelado,649.615972826524
125,2026-08-08,Valeria Fuentes,Cusco,Electrónica,7,1683.31801548892,182.246377062086,Tarjeta,Cancelado,9869.87240959165
126,2026-08-02,Laura Mendoza,San Isidro,Ropa,5,594.876196955819,230.927324509045,Tarjeta,Cancelado,7618.34374635708
127,2027-01-23,,San Isidro,Hogar,3,131.212662205001,1881.72624709169,Yape,Pendiente,9576.57016418196
128,2026-11-02,Fernando Castro,Cusco,Alimentos,2,421.875307760129,1832.40283395426,Yape,Pendiente,1026.140730832852
129,2026-04-04,Mariana López,San Isidro,Alimentos,2,1955.15208027562,1545.46807427089,Yape,Completado,5774.67619963375
130,2026-06-01,Paola Jiménez,Trujillo,Ropa,5,1617.01895343871,170.680204947886,Tarjeta,Cancelado,9434.74730355630
131,2026-12-07,Carlos Ruiz,Arequipa,Electrónica,7,501.331924611226,1994.07352339163,Tarjeta,Cancelado,4157.925996608046
132,2027-01-02,Rodrigo Castro,Arequipa,Ropa,7,883.223050453858,190.281552741056,Tarjeta,Cancelado,3024.545375994104
133,2026-10-03,María García,Miraflores,Electrónica,4,1043.62989401402,512.779473932997,Efectivo,Completado,3892.02564987582
134,2026-07-30,Rodrigo Castro,Arequipa,Ropa,9,1789.64965462095,1233.3368561351,Yape,Cancelado,5574.406623169896
135,2026-12-11,Laura Mendoza,Trujillo,Ropa,5,880.800323290773,1833.50470122224,Yape,Completado,ERROR
136,2026-04-03,Gustavo Soto,San Isidro,Hogar,2,437.656702323633,321.566594142673,Yape,Completado,1652.738756285936
137,2026-12-07,Héctor Salazar,Cusco,Alimentos,2,840.017738538914,929.714125972834,Efectivo,Completado,8886.184237876540
138,2027-01-17,Felipe Mendoza,Cusco,Alimentos,6,767.432066815462,359.637038064574,Efectivo,Completado,15454.32291216231
139,2026-08-30,Natalia Ortiz,Miraflores,Electrónica,6,887.340316221432,129.57173738159,Yape,Pendiente,4796.748979261799
140,2027-01-08,Silvia Peña,Trujillo,Hogar,7,1213.55556731661,1793.44842404587,Tarjeta,Completado,19440.28324220860
141,2026-09-29,Manuel Cabrera,Miraflores,Hogar,6,1218.4897911733,948.498077052533,Efectivo,Pendiente,1234.828564551676
142,2026-12-19,Lorena Campos,Arequipa,Ropa,6,316.539891425222,1075.50233608327,Efectivo,Cancelado,230.237921758512
143,2027-02-08,Silvia Peña,San Isidro,Alimentos,8,1655.09092344915,1240.80249304054,Yape,Pendiente,2412.147965364716
144,2027-01-04,Eduardo Herrera,San Isidro,Ropa,7,430.781554964068,1025.26946209173,Plin,Cancelado,3531.449805338365
145,2027-01-01,Felipe Mendoza,Miraflores,Hogar,3,1335.16991507111,1704.4145791633,Tarjeta,Cancelado,1261.07788115583
146,2026-09-04,Camila Díaz,Miraflores,Hogar,2,1587.56572162777,784.303542100286,Plin,Pendiente,2607.44535024418
147,2026-11-17,Carmen Flores,Cusco,Electrónica,2,-276.300177584374,146.310150255415,Efectivo,Completado,7152.702521645616
148,2026-10-03,Fernando Castro,Miraflores,Ropa,9,1604.43657208911,1722.13236801542,Plin,Pendiente,7212.4418254084
149,2026-07-16,Daniela Paredes,Cusco,Alimentos,7,294.201091534331,549.397818200055,Yape,Completado,480.057212915712
150,2026-06-01,Felipe Mendoza,Cusco,Alimentos,4,-840.326115539872,383.799538253627,Tarjeta,Pendiente,4922.36270851908
151,2026-09-28,Pablo Torres,Trujillo,Electrónica,6,752.242070416001,1296.36944713005,Tarjeta,Cancelado,1042.282130770476
152,2026-04-19,Valentina Espinoza,Trujillo,Electrónica,11,1404.93360469662,1056.24401346463,Efectivo,Pendiente,3176.60656002626
153,2027-01-09,Miguel Herrera,Arequipa,Ropa,10,1302.55345768366,861.852762722602,Tarjeta,Completado,10669.44050965140
154,2026-07-14,Adriana Núñez,Miraflores,Alimentos,7,676.602731965317,842.998592653219,Tarjeta,Completado,2498.127638147217
155,2026-04-01,Martina Delgado,Miraflores,Electrónica,3,1228.37672856061,1046.13276559452,Yape,Pendiente,1461.590432484164
156,2027-01-29,Carlos Ruiz,San Isidro,Ropa,8,105.712280874064,834.387813671804,Efectivo,Cancelado,3242.13790957776
157,2026-12-25,Javier Lozano,Miraflores,Alimentos,7,1041.38265495419,1064.05713431695,Tarjeta,Cancelado,3428.64902937908
158,2026-12-30,Juan Pérez,Arequipa,Ropa,6,1039.01067875967,1971.21410825931,Efectivo,Cancelado,14088.73148748752
159,2026-03-09,Paola Jiménez,Miraflores,Hogar,6,90.048938885382,1571.01970381138,Tarjeta,Completado,2471.07232837334
160,2026-05-06,Valentina Espinoza,Miraflores,Hogar,6,224.06630055144,1437.77972063879,Plin,Pendiente,6556.5935594238
161,2026-05-13,Fernanda Soto,Miraflores,Hogar,8,1233.69273870047,884.222693413437,Yape,Pendiente,6059.99500479760
162,2026-10-01,Matías Núñez,Trujillo,Hogar,5,1305.66205097299,83.0038026690227,Yape,Cancelado,7524.84770778318
163,2026-12-30,Verónica León,San Isidro,Electrónica,2,1487.42197703659,1737.23539733501,Tarjeta,Pendiente,9094.75728127104
164,2026-07-18,Ana Silva,Trujillo,Alimentos,4,525.287286089908,1834.83108388137,Efectivo,Completado,ERROR
165,2026-06-12,Gabriela Suárez,Cusco,Hogar,3,-244.19164457465,1333.17392156327,Plin,Pendiente,1119.321493186634
166,2026-11-01,Fernanda Soto,Trujillo,Alimentos,7,516.650478430009,1328.63096125933,Yape,Pendiente,9229.71479023595
167,2026-11-19,Ricardo Romero,Cusco,Ropa,8,402.962694766008,754.547193916437,Plin,Pendiente,ERROR
168,2027-01-19,Ricardo Romero,Miraflores,Hogar,2,868.662437966746,1256.09383014034,Plin,Pendiente,20086.90765550766
169,2026-06-08,Carolina Vega,Cusco,Ropa,8,819.626207143155,1919.05785599748,Yape,Pendiente,1956.851932286496
170,2026-11-06,Pablo Torres,Arequipa,Electrónica,4,932.771346052782,440.428882835334,Yape,Pendiente,2350.761387503768
171,2026-10-07,Rodrigo Castro,San Isidro,Alimentos,9,439.698845065018,656.187692360267,Efectivo,Cancelado,4598.072831615750
172,2027-02-21,Alberto Ponce,Cusco,Electrónica,5,1474.39884404818,1713.47003201625,Efectivo,Cancelado,4150.371267590527
173,2026-11-06,Héctor Salazar,Arequipa,Alimentos,6,1623.46044632367,960.099024224612,Tarjeta,Completado,5341.710755449046
174,2026-06-04,Valentina Espinoza,San Isidro,Hogar,3,664.525276747876,147.036179779963,Tarjeta,Pendiente,12571.7676605712
175,2026-07-31,Antonio Rojas,Miraflores,Alimentos,4,1901.04707898782,1167.07067094735,Yape,Pendiente,7900.38912473656
176,2027-01-25,Valeria Fuentes,Trujillo,Alimentos,9,1831.41369713884,760.957094921276,Yape,Completado,767.615026494013
177,2026-07-16,Adriana Núñez,Miraflores,Alimentos,5,791.635341230673,1421.91741210446,Plin,Cancelado,9663.31319989160
178,2026-08-21,Gustavo Soto,San Isidro,Alimentos,3,1118.31000510867,1985.011147782,Efectivo,Completado,485.746331010406
179,2026-10-24,,San Isidro,Hogar,6,1335.32613182172,252.802569602171,Yape,Pendiente,5679.50884426552
180,2026-12-10,Paola Jiménez,San Isidro,Electrónica,1,578.19575399021,1678.6552695975,Plin,Pendiente,77.2719934810743
181,2027-01-07,Adriana Núñez,Trujillo,Alimentos,5,857.459391473784,866.354245715532,Efectivo,Cancelado,7188.390340828190
182,2026-07-08,Rodrigo Castro,Arequipa,Electrónica,7,1802.9023967823,485.02134781159,Tarjeta,Completado,153.5140278773612
183,2027-02-12,Sergio Delgado,Arequipa,Ropa,5,390.47307914189,1232.48963500044,Yape,Completado,1489.07649314248
184,2026-09-19,Miguel Herrera,Miraflores,Alimentos,4,1010.08908249511,457.970953150113,Efectivo,Completado,7641.439651591960
185,2026-04-20,Roberto Meza,Miraflores,Electrónica,8,592.142599536773,864.905418612754,Yape,Pendiente,ERROR
186,2026-08-14,Laura Mendoza,Arequipa,Alimentos,2,994.292196906837,1164.0601190498,Tarjeta,Cancelado,
187,2026-09-26,José Díaz,Arequipa,Hogar,7,18.7229883261378,1531.53963085159,Tarjeta,Cancelado,300.219819519008
188,2026-03-20,Gabriela Suárez,Trujillo,Alimentos,10,1690.75569959988,1922.76507895153,Plin,Cancelado,9224.2899865782
189,2026-11-17,Lorena Campos,Miraflores,Hogar,7,547.362304424805,602.66114299334,Tarjeta,Cancelado,5645.10592119105
190,2027-02-09,Paola Jiménez,Cusco,Electrónica,6,796.246535284551,803.637492434353,Tarjeta,Pendiente,9787.18436528792
191,2026-08-25,Daniela Peña,Arequipa,Hogar,2,1411.93218969095,587.791019793392,Plin,Completado,8932.983656528295
192,2026-12-13,,Trujillo,Electrónica,10,232.043093308758,1683.68529287006,Tarjeta,Completado,1137.366835877896
193,2026-08-20,Matías Núñez,Cusco,Ropa,6,51.9997310279639,1943.01537002964,Plin,Completado,3820.953949912272
194,2027-01-18,Antonio Rojas,Arequipa,Electrónica,9,484.997816048797,1888.49475076134,Efectivo,Pendiente,1652.053929581392
195,2027-01-10,Camila Díaz,San Isidro,Ropa,2,411.846335441321,1934.73939142814,Tarjeta,Cancelado,4031.810773181120
196,2026-07-05,Lorena Campos,Trujillo,Hogar,7,1071.07089545935,1577.74177159237,Yape,Completado,706.950364871548
197,2026-09-22,Paola Jiménez,Arequipa,Alimentos,7,760.245353551945,173.666242454548,Efectivo,Completado,9694.474766180520
198,2027-01-15,Mónica Cordero,Miraflores,Alimentos,11,407.732966981969,962.736552581432,Yape,Completado,15117.93749151693
199,2026-09-12,Javier Lozano,Miraflores,Alimentos,3,142.036578734224,1473.6996105479,Tarjeta,Cancelado,17256.05433546357
200,2026-10-07,Héctor Salazar,Cusco,Electrónica,10,1966.65607621071,712.13140814448,Tarjeta,Cancelado,15269.25122226340
201,2026-12-24,Francisco Aguilar,Arequipa,Hogar,10,932.505160443955,908.552371332757,Efectivo,Cancelado,8773.941670595361
202,2026-06-03,Raúl Espinoza,Miraflores,Hogar,10,1489.18994388976,1833.43525806816,Plin,Pendiente,ERROR
203,2026-10-20,Rafael Guzmán,Trujillo,Alimentos,8,1562.34898966882,734.574579449683,Yape,Cancelado,21710.54503230041
204,2026-03-17,Rodrigo Castro,Miraflores,Electrónica,6,1359.98470519006,449.008527781917,Tarjeta,Cancelado,11516.69713406448
205,2026-11-13,Luis Rojas,Trujillo,Electrónica,8,995.825248877306,558.223966402303,Yape,Pendiente,14824.60090565488
206,2026-05-05,Gloria Guzmán,Miraflores,Alimentos,10,478.897438142876,1196.34410726056,Plin,Completado,1913.116984847055
207,2027-03-03,Daniela Peña,San Isidro,Electrónica,5,406.409337518776,1658.96155705978,Efectivo,Completado,2109.650959081520
208,2026-12-09,Patricia Ramos,San Isidro,Alimentos,7,1762.67536128482,345.539525064756,Tarjeta,Cancelado,4600.51338017076
209,2026-06-23,Natalia Ortiz,San Isidro,Electrónica,8,1719.96615686776,88.1749068536978,Tarjeta,Completado,1290.319317253296
210,2026-11-04,Eduardo Herrera,Arequipa,Hogar,10,1436.76721596672,1366.93509811179,Efectivo,Pendiente,2846.001239479280
211,2026-06-22,Fernando Castro,San Isidro,Ropa,8,120.614955383115,1980.77720965935,Efectivo,Cancelado,4764.620929166112
212,2026-06-13,Daniela Paredes,Cusco,Alimentos,5,1452.70729660614,984.015301601187,Tarjeta,Pendiente,6446.643167102304
213,2026-07-12,Claudia Chávez,Cusco,Alimentos,6,719.249630490024,1506.1030506238,Yape,Cancelado,14149.76705988328
214,2027-02-07,Natalia Ortiz,Miraflores,Hogar,7,230.991926156542,1765.51385773123,Plin,Cancelado,
215,2026-06-30,Ricardo Romero,Trujillo,Hogar,5,103.899151324718,729.863381198133,Yape,Completado,9841.17590261892
216,2026-12-26,Oscar Navarro,Cusco,Electrónica,9,887.357576101663,980.741149427108,Efectivo,Cancelado,1305.420743175940
217,2026-05-28,Isabel Castillo,San Isidro,Alimentos,1,1870.08070194569,1791.16473724126,Yape,Cancelado,4804.303381001472
218,2026-06-03,Raúl Espinoza,Miraflores,Hogar,2,858.4739921499,1265.79007028826,Efectivo,Pendiente,4495.83169569861
219,2026-07-29,,Trujillo,Ropa,10,1174.03382998731,1527.34432377544,Tarjeta,Completado,5210.962912539312
220,2026-03-24,Isabel Castillo,Arequipa,Ropa,4,1669.59485053633,1255.7068439777,Yape,Cancelado,2055.265840707604
221,2026-05-26,Alberto Ponce,Arequipa,Electrónica,9,1055.44016975219,1912.30688380038,Tarjeta,Completado,1390.946915737008
222,2026-03-07,,Cusco,Electrónica,7,1006.96550731512,1264.77269322153,Plin,Completado,5065.737099894570
223,2026-07-30,Mónica Cordero,Cusco,Alimentos,9,27.1366257909011,525.231882311044,Yape,Pendiente,1806.78867727496
224,2027-01-02,Ana Silva,Arequipa,Hogar,2,350.900919281142,1535.6719779583,Tarjeta,Completado,15714.47055329487
225,2026-11-14,Mónica Cordero,Cusco,Hogar,7,352.310875662819,954.369792873577,Efectivo,Pendiente,1927.548840061344
226,2026-03-16,Juan Pérez,Miraflores,Alimentos,5,346.381745817932,1348.25264975311,Tarjeta,Completado,2668.343794690359
227,2026-03-26,Felipe Mendoza,San Isidro,Hogar,9,1502.37124643634,1550.90990224226,Yape,Completado,9865.87409283309
228,2026-03-21,Carmen Flores,Cusco,Electrónica,10,68.0807075979943,989.346524279894,Plin,Cancelado,2797.43400796982
229,2026-07-13,Adriana Núñez,Cusco,Alimentos,9,797.864064061573,922.998959757856,Yape,Pendiente,4126.40787065646
230,2026-05-18,Daniela Peña,Arequipa,Hogar,6,608.31357676101,351.265649290124,Plin,Pendiente,1219.951006233772
231,2026-06-30,Carlos Ruiz,Trujillo,Hogar,7,1130.62449467697,1007.79023128267,Efectivo,Pendiente,2076.930752458556
232,2026-04-12,Tomás Chávez,San Isidro,Electrónica,3,1306.32780913245,933.313194620729,Tarjeta,Pendiente,13596.87859556562
233,2026-11-25,Paola Jiménez,Trujillo,Electrónica,8,565.76288821215,1329.75715685088,Plin,Completado,1652.275643609001
234,2027-01-17,Gloria Guzmán,Miraflores,Electrónica,5,810.597267151529,1055.34786633852,Tarjeta,Pendiente,18044.17248276010
235,2026-07-23,Claudia Chávez,Miraflores,Electrónica,8,913.678948120877,1571.43445911683,Tarjeta,Cancelado,5362.22966254856
236,2026-10-14,Carmen Flores,Miraflores,Ropa,6,1465.22751186284,488.079036676088,Efectivo,Completado,373.787763158308
237,2026-08-17,Tomás Chávez,Trujillo,Hogar,2,596.886896183196,1040.34448870741,Plin,Pendiente,3770.333252777718
238,2026-04-08,Valeria Fuentes,Miraflores,Ropa,9,1335.02457109715,1191.95753415227,Efectivo,Cancelado,18857.25918732740
239,2027-03-04,Oscar Navarro,Miraflores,Alimentos,7,99.4664783799734,379.325157237019,Yape,Cancelado,939.837596741529
240,2026-07-18,Elena Vargas,Cusco,Hogar,11,947.053030175414,724.159946124424,Efectivo,Cancelado,1511.461709951690
241,2026-10-31,Matías Núñez,Trujillo,Ropa,5,1598.72058119715,37.0993934706642,Efectivo,Completado,6504.19063003276
242,2026-03-21,Fernanda Soto,Cusco,Alimentos,9,396.091339643655,1207.35679174567,Yape,Pendiente,7382.434067004136
243,2027-01-22,Héctor Salazar,Miraflores,Alimentos,4,1695.8217536884,1003.79308565628,Plin,Pendiente,1411.077849767682
244,2026-12-15,Daniela Peña,Miraflores,Hogar,3,1852.21436934337,229.025733997403,Yape,Pendiente,6265.224713628104
245,2027-01-05,Tomás Chávez,Cusco,Ropa,8,1682.21273479854,1757.11495182547,Plin,Pendiente,7364.63179786397
246,2026-11-06,Valentina Espinoza,Miraflores,Ropa,5,1416.09697690384,1296.52863388753,Yape,Completado,10154.67783299312
247,2026-07-31,Valentina Espinoza,Cusco,Ropa,5,1118.29176995838,805.633516913139,Tarjeta,Pendiente,8885.92924099816
248,2026-04-03,Jorge Morales,Miraflores,Alimentos,10,1507.21709111074,456.21404458828,Efectivo,Completado,15288.85888946970
249,2027-01-29,Pablo Torres,San Isidro,Hogar,3,317.857379545175,1174.36461751012,Yape,Pendiente,5466.48640711452
250,2026-11-27,Camila Díaz,Trujillo,Ropa,3,790.329177931753,1295.82583570722,Efectivo,Cancelado,ERROR
251,2027-03-03,,Miraflores,Electrónica,1,766.298047909856,1553.54569174559,Plin,Completado,3037.53351791961
252,2026-03-13,Rodrigo Castro,Cusco,Alimentos,9,1660.29687688064,505.335060868804,Efectivo,Pendiente,ERROR
253,2026-04-09,Héctor Salazar,Cusco,Electrónica,8,614.549633751393,711.180441868953,Plin,Cancelado,ERROR
254,2026-12-06,Luis Rojas,Arequipa,Hogar,6,1089.77545083766,1393.61977045941,Efectivo,Completado,3252.934746316168
255,2026-06-17,Javier Lozano,San Isidro,Ropa,4,1246.13434214401,535.004704364516,Yape,Completado,2372.197073069238
256,2026-05-09,,San Isidro,Electrónica,10,1189.72226462421,580.660370557004,Tarjeta,Completado,780.224903254390
257,2026-05-26,Rosa Castillo,Cusco,Hogar,9,1970.06698769828,359.462977513436,Efectivo,Cancelado,3610.11952902777
258,2026-12-31,Rafael Guzmán,Arequipa,Hogar,1,1308.02517969426,1751.22495686198,Tarjeta,Pendiente,3713.044546074897
259,2026-12-03,Adriana Núñez,Arequipa,Alimentos,5,1602.65881377036,473.754205700463,Tarjeta,Cancelado,920.667459731906
260,2026-06-13,José Díaz,Trujillo,Ropa,6,943.638358016664,900.294187704277,Yape,Pendiente,19683.23973517870
261,2026-10-29,Eduardo Herrera,Cusco,Alimentos,7,125.226816164715,1411.88124897293,Plin,Cancelado,2256.114915852376
262,2026-10-10,Mariana López,Arequipa,Hogar,8,811.857760191838,1458.39912611098,Efectivo,Cancelado,5332.206811235460
263,2026-11-20,Fernanda Soto,San Isidro,Ropa,8,1427.60770875605,1567.77750572977,Yape,Completado,1511.63852835865
264,2026-03-20,,San Isidro,Alimentos,8,755.490361868183,882.834099785133,Yape,Completado,1472.12791444752
265,2026-09-01,Rafael Guzmán,Trujillo,Alimentos,7,1188.41335307098,1937.89263578097,Efectivo,Pendiente,7003.10945518390
266,2026-12-29,Gloria Guzmán,Trujillo,Electrónica,7,1137.67851069668,1627.0673454022,Tarjeta,Pendiente,2953.226534835822
267,2026-03-07,Ana Silva,San Isidro,Ropa,4,689.991085836218,674.661767487078,Efectivo,Cancelado,10476.6317931268
268,2027-03-01,Verónica León,Trujillo,Alimentos,7,1902.25557509196,1125.79043114656,Plin,Completado,18068.78209754210
269,2026-07-07,Rosa Castillo,Cusco,Electrónica,9,680.639778762078,1940.92660354453,Tarjeta,Completado,15294.0560787250
270,2026-09-28,,Trujillo,Ropa,10,1171.02069507721,619.193691372565,Plin,Pendiente,132.8942046410300
271,2027-01-19,Matías Núñez,Cusco,Alimentos,5,242.071166438415,536.83347341739,Plin,Completado,11519.91464848218
272,2027-03-05,Fernanda Soto,San Isidro,Ropa,8,284.22710693071,1665.08174957215,Tarjeta,Pendiente,8136.144536040
273,2027-01-11,Oscar Navarro,Cusco,Electrónica,10,241.933750884563,1207.48125117429,Yape,Completado,5724.023166536528
274,2026-09-01,Jorge Morales,Arequipa,Ropa,7,106.721401317601,11.2802437957667,Yape,Pendiente,17119.02013390674
275,2026-12-18,Fernando Castro,Trujillo,Alimentos,4,313.524447875345,764.079735407966,Yape,Completado,242.467730031874
276,2027-01-08,Diego Valdez,San Isidro,Alimentos,8,92.9887526449882,1550.8761337001,Efectivo,Completado,9903.58379550390
277,2026-04-05,Fernanda Soto,Cusco,Electrónica,9,1976.59719676375,244.945604887066,Plin,Completado,18086.27427718991
278,2026-03-12,Oscar Navarro,Arequipa,Ropa,10,1671.22888030495,876.977889057647,Plin,Pendiente,2336.654889941745
279,2027-01-29,Francisco Aguilar,San Isidro,Hogar,10,1125.0404171468,557.679216446574,Plin,Cancelado,5837.00219394245
280,2026-09-22,Roberto Meza,Miraflores,Ropa,5,1223.34724095054,1169.08083666362,Yape,Completado,13545.00541458080
281,2026-08-03,Oscar Navarro,Miraflores,Hogar,8,663.054100217977,1665.90024939892,Plin,Pendiente,ERROR
282,2026-04-01,Sebastián León,Trujillo,Hogar,11,975.679975806964,31.820226137358,Efectivo,Pendiente,
283,2026-11-13,Mónica Cordero,Cusco,Alimentos,10,1033.74535224432,934.950425474061,Efectivo,Cancelado,1108.050682234808
284,2026-12-14,Sofía Morales,San Isidro,Hogar,7,1716.24746966531,1127.54166820515,Yape,Pendiente,1858.022824278908
285,2026-04-23,Tomás Chávez,San Isidro,Hogar,7,953.256564421082,226.078827101987,Yape,Pendiente,13896.42367920169
286,2026-08-23,Sofía Morales,Arequipa,Electrónica,7,1683.06824641903,420.056718955374,Tarjeta,Cancelado,3985.26214431534
287,2026-12-02,Rosa Castillo,Trujillo,Alimentos,3,1654.24685903151,1908.71483965423,Plin,Completado,10756.86320710778
288,2026-03-11,Valeria Fuentes,Miraflores,Alimentos,2,783.8504491604,1325.74679799343,Tarjeta,Cancelado,6872.77027205780
289,2027-03-05,Lorena Campos,Miraflores,Alimentos,2,-387.011790789904,378.391002467981,Tarjeta,Completado,5795.162791746592
290,2026-04-07,Diego Valdez,Miraflores,Ropa,7,679.868664188154,1628.88294595989,Tarjeta,Completado,1790.475340994445
291,2026-06-08,Lorena Campos,Miraflores,Hogar,11,1206.7005623811,1874.41816090435,Efectivo,Completado,11229.68000231847
292,2027-02-16,Eduardo Herrera,San Isidro,Alimentos,2,1627.2246624803,728.900290766165,Efectivo,Pendiente,1891.537906984236
293,2026-05-06,Fernando Castro,Trujillo,Ropa,10,643.63635619258,1396.65658104654,Plin,Pendiente,
294,2027-02-22,Laura Mendoza,Miraflores,Ropa,2,1978.60763015878,1142.16912153599,Efectivo,Pendiente,10.4987693443698
295,2026-07-23,Héctor Salazar,Trujillo,Ropa,5,723.446116917846,64.9267798548383,Tarjeta,Completado,7476.655005290310
296,2026-06-04,Carlos Ruiz,San Isidro,Alimentos,11,632.193631420886,709.65037426868,Tarjeta,Cancelado,2827.847619982437
297,2027-01-05,Natalia Ortiz,Arequipa,Ropa,6,1850.50245200916,575.98806523525,Tarjeta,Pendiente,633.4098615267759
298,2026-10-31,Gustavo Soto,Cusco,Hogar,10,434.215407520488,1158.50451228854,Efectivo,Completado,7333.18039152083
299,2026-06-20,Matías Núñez,Trujillo,Hogar,6,1698.25362774958,131.884185228496,Efectivo,Cancelado,13613.55319503753
300,2026-03-09,Martina Delgado,Trujillo,Hogar,3,172.430823347122,741.687609496576,Yape,Cancelado,3474.19742511536
301,2026-07-24,Juan Pérez,Miraflores,Hogar,2,183.819529346911,730.225234413353,Tarjeta,Completado,19995.55076148930
302,2026-04-25,Felipe Mendoza,San Isidro,Electrónica,2,986.703682182988,35.9775713076415,Tarjeta,Completado,
303,2026-12-19,,Cusco,Ropa,10,-699.325154309696,1486.46886374898,Yape,Cancelado,2942.017099696836
304,2027-01-28,Sergio Delgado,Miraflores,Alimentos,3,859.716487745049,1109.39423611469,Efectivo,Completado,1761.45253329410
305,2027-01-12,Roberto Meza,Arequipa,Electrónica,4,1902.34528076127,1070.11374562033,Yape,Completado,3430.36569363872
306,2027-01-01,Lorena Campos,San Isidro,Ropa,3,545.409924380152,1035.06019132654,Yape,Cancelado,5196.46944628122
307,2026-06-15,Verónica León,San Isidro,Ropa,8,1649.0356899728,506.323400770384,Tarjeta,Pendiente,1916.970945181776
308,2027-02-19,Valeria Fuentes,Arequipa,Ropa,2,-210.543471282961,1227.03267904959,Tarjeta,Completado,2235.718682222583
309,2026-11-11,Valeria Fuentes,Miraflores,Hogar,10,1353.05172167736,648.730009421922,Tarjeta,Pendiente,3273.286377542856
310,2026-06-24,Manuel Cabrera,Arequipa,Alimentos,5,1025.92151711547,814.800082205519,Efectivo,Cancelado,5638.1399650254
311,2026-10-17,Felipe Mendoza,San Isidro,Ropa,3,1624.40884307462,1717.98933005438,Efectivo,Completado,2758.581403774670
312,2026-10-11,Luis Rojas,Trujillo,Electrónica,6,218.10328719807,878.576867310329,Plin,Completado,12846.86813350272
313,2026-03-24,Felipe Mendoza,Trujillo,Ropa,11,1512.65221511012,1637.12322990841,Yape,Completado,8073.48940346298
314,2026-07-24,Carlos Ruiz,Miraflores,Ropa,9,1327.27710665595,1183.2912896666,Efectivo,Cancelado,1389.06810034535
315,2026-09-28,Valeria Fuentes,Trujillo,Alimentos,1,112.394777641734,970.171226509622,Tarjeta,Cancelado,15827.70840769701
316,2027-01-04,Matías Núñez,Cusco,Hogar,9,1692.39219802235,369.668265735192,Plin,Completado,3387.269276395235
317,2026-09-14,,San Isidro,Electrónica,10,1538.65238293576,614.273474585217,Tarjeta,Cancelado,5246.664968587160
318,2026-05-17,Antonio Rojas,Arequipa,Electrónica,8,594.927608468909,1129.14738886013,Tarjeta,Cancelado,15327.01654850180
319,2026-04-04,Martina Delgado,Arequipa,Electrónica,5,885.28852220017,640.096182412309,Efectivo,Completado,535.10455832158
320,2026-10-20,Oscar Navarro,Arequipa,Electrónica,1,1443.55516544744,1487.45839837771,Efectivo,Cancelado,11437.28332100781
321,2026-09-19,Sergio Delgado,San Isidro,Alimentos,7,18.0265492100487,1950.12476435953,Plin,Completado,16579.53608300190
322,2026-08-28,Natalia Ortiz,Arequipa,Electrónica,5,1244.54583256024,125.527738479215,Yape,Cancelado,4738.103992260387
323,2026-04-29,Jorge Morales,Cusco,Alimentos,9,262.253300385891,412.298078737234,Tarjeta,Cancelado,1720.792394861736
324,2026-05-13,Tomás Chávez,Arequipa,Hogar,11,475.013018074177,1254.22983190913,Yape,Pendiente,5928.1303228265
325,2026-03-25,Paola Jiménez,Cusco,Electrónica,10,1347.05856846554,1170.6017870581,Yape,Pendiente,538.932094915695
326,2027-01-01,Andrés Campos,San Isidro,Alimentos,6,1057.92412634414,839.30951785038,Yape,Completado,1263.765002060216
327,2027-01-16,Elena Vargas,Cusco,Electrónica,6,915.484918632144,776.952260857096,Yape,Completado,ERROR
328,2026-03-23,Daniela Peña,Trujillo,Electrónica,10,852.835785585806,1038.98143422474,Yape,Completado,9304.63985595312
329,2026-11-21,Antonio Rojas,Trujillo,Ropa,6,1293.94989913499,1374.58789405967,Plin,Pendiente,3729.78893816667
330,2026-05-29,Luis Rojas,Cusco,Electrónica,6,925.82603537076,858.768704782983,Yape,Completado,4592.20451755092
331,2026-03-17,Roberto Meza,San Isidro,Electrónica,2,480.684349426172,819.006900836748,Plin,Completado,5072.279915241152
332,2026-05-22,Alejandra Ríos,Cusco,Electrónica,5,1445.43023655295,1656.79570856354,Efectivo,Completado,ERROR
333,2027-02-25,Sergio Delgado,San Isidro,Hogar,8,1092.21251962451,1058.01915698459,Efectivo,Pendiente,2327.313889585832
334,2026-12-13,Rodrigo Castro,San Isidro,Alimentos,6,526.318541176828,1992.43680894179,Yape,Completado,2826.251940674332
335,2027-03-03,Gabriela Suárez,Miraflores,Ropa,1,1964.39589033514,370.237224797859,Tarjeta,Pendiente,5394.52866578616
336,2027-01-14,Rosa Castillo,Miraflores,Ropa,2,1820.34152613165,1440.94553792211,Yape,Cancelado,18080.87007677038
337,2026-03-28,Daniela Paredes,Trujillo,Hogar,7,357.950290435404,1934.45904759673,Plin,Completado,10395.78032285120
338,2026-10-31,José Díaz,Trujillo,Electrónica,1,1945.4014621543,221.600764217256,Tarjeta,Completado,2650.79152510334
339,2026-06-28,Carmen Flores,Miraflores,Hogar,6,1304.89298902098,1158.07274078867,Efectivo,Completado,3083.52445810172
340,2026-10-21,Paola Jiménez,Trujillo,Alimentos,1,1191.20828585817,908.722320215562,Tarjeta,Cancelado,9338.55915724752
341,2026-07-13,Ricardo Romero,Trujillo,Ropa,9,1797.9632147281,1261.73848454171,Yape,Cancelado,1183.723609905288
342,2026-11-25,José Díaz,Trujillo,Electrónica,11,532.527894309647,1353.77693472278,Yape,Pendiente,
343,2026-03-13,Héctor Salazar,Miraflores,Hogar,6,1009.59677103853,1501.77517161034,Efectivo,Cancelado,466.4731429632
344,2026-10-03,Natalia Ortiz,Cusco,Hogar,4,1432.81129450535,1103.79519506109,Plin,Completado,15868.20050204642
345,2026-08-20,Fernando Castro,Cusco,Hogar,11,1772.56570042771,1003.25747350619,Efectivo,Cancelado,ERROR
346,2026-05-19,Tomás Chávez,Arequipa,Hogar,4,1107.98182948474,791.225281160918,Efectivo,Pendiente,5949.759056999418
347,2026-11-22,José Díaz,San Isidro,Alimentos,2,898.23100205688,1101.33981273334,Plin,Pendiente,1896.502062518676
348,2026-07-17,Mariana López,Miraflores,Alimentos,11,622.377850226103,1472.42868519259,Yape,Pendiente,5826.76232791020
349,2026-09-15,Daniela Paredes,Cusco,Ropa,5,1504.99900458506,799.052104863422,Tarjeta,Cancelado,3737.24122811884
350,2026-07-21,Gloria Guzmán,Trujillo,Alimentos,9,330.83825995043,1164.91018546218,Tarjeta,Cancelado,
351,2026-08-30,Miguel Herrera,Miraflores,Hogar,5,1845.39070543287,236.299989274607,Tarjeta,Cancelado,18687.00712896060
352,2026-07-18,Sergio Delgado,Arequipa,Electrónica,4,639.720467288459,1490.62111094263,Yape,Cancelado,ERROR
353,2026-11-25,Valeria Fuentes,Cusco,Ropa,4,521.060964657759,1167.86700499089,Yape,Pendiente,3667.67822283328
354,2026-09-20,Gabriela Suárez,Trujillo,Hogar,11,490.119700953104,931.505872561085,Yape,Cancelado,16112.32806254679
355,2026-10-11,Alejandra Ríos,San Isidro,Hogar,9,1184.90567762179,1701.73204406372,Efectivo,Completado,3627.62173821152
356,2027-01-16,Rafael Guzmán,Cusco,Ropa,10,1709.75971389873,531.584617015292,Tarjeta,Pendiente,3296.884232994216
357,2026-12-28,Rosa Castillo,Trujillo,Alimentos,4,1336.14359063847,1621.89030568113,Efectivo,Completado,4570.211015822661
358,2027-01-11,Camila Díaz,Miraflores,Hogar,5,1169.8914064109,704.299846575266,Yape,Cancelado,3613.254842387268
359,2026-05-31,Javier Lozano,Miraflores,Alimentos,6,1878.86581573257,1503.68494619741,Efectivo,Completado,
360,2026-11-12,Fernando Castro,Cusco,Hogar,6,1901.19788910987,577.718197474777,Yape,Pendiente,1732.830355213584
361,2026-12-08,Claudia Chávez,Trujillo,Hogar,2,903.378140610126,1490.81173996522,Yape,Cancelado,9040.49009987832
362,2027-02-10,Diego Valdez,Miraflores,Hogar,6,817.050247477519,503.284546981552,Efectivo,Cancelado,10594.89077152782
363,2026-12-02,Rafael Guzmán,San Isidro,Hogar,8,1158.16260877142,1914.32248152457,Tarjeta,Completado,4730.38107337424
364,2026-07-09,Daniela Peña,Cusco,Ropa,5,1355.35387335068,167.977331745377,Efectivo,Cancelado,12720.61165313432
365,2026-09-21,Diego Valdez,San Isidro,Ropa,8,1581.87641706151,252.692313404752,Yape,Completado,7655.11817407785
366,2027-01-22,Ricardo Romero,Cusco,Alimentos,1,-791.194815131693,1354.28719985539,Efectivo,Cancelado,1704.22584514616
367,2026-03-27,Ricardo Romero,San Isidro,Ropa,4,-705.189062684213,569.325184805296,Tarjeta,Cancelado,18542.63998702180
368,2026-11-20,Gabriela Suárez,Trujillo,Ropa,9,1872.76942559165,548.902368901063,Tarjeta,Cancelado,7363.66877833722
369,2026-09-14,Tomás Chávez,Arequipa,Ropa,2,1180.29723700223,1433.9492627603,Tarjeta,Pendiente,693.545476234635
370,2026-04-06,Juan Pérez,San Isidro,Electrónica,8,261.57531968705,1276.2326297324,Yape,Completado,4452.98753070820
371,2026-08-06,Paola Jiménez,Cusco,Electrónica,6,1471.36778570896,910.634621738958,Plin,Cancelado,629.126310402478
372,2026-08-19,Antonio Rojas,Arequipa,Alimentos,9,55.6882594133579,1148.9407740887,Efectivo,Pendiente,1642.38564513862
373,2026-06-18,,San Isidro,Hogar,8,1005.79170000035,685.314181421402,Yape,Pendiente,5211.507334053807
374,2026-05-02,Adriana Núñez,Arequipa,Ropa,6,397.99162387685,374.926616664419,Plin,Cancelado,5532.66585528783
375,2026-03-21,Mariana López,Cusco,Electrónica,7,206.714965814111,565.657565555592,Efectivo,Cancelado,93.7578612688353
376,2026-11-06,Sebastián León,San Isidro,Alimentos,8,1522.04536421357,1677.02349657571,Plin,Cancelado,6323.329298695486
377,2026-04-05,Camila Díaz,Arequipa,Hogar,8,941.098214181065,1219.1557990454,Tarjeta,Pendiente,5641.363162878948
378,2026-06-16,Pablo Torres,Cusco,Hogar,11,10.5550419537873,360.596279192503,Tarjeta,Pendiente,6443.64494970005
379,2026-09-26,Fernando Castro,Arequipa,Hogar,1,1029.95397275796,1182.37343801542,Efectivo,Pendiente,3672.76411017597
380,2026-03-18,Mariana López,Miraflores,Ropa,9,717.421073005706,1292.08918196676,Yape,Completado,6684.05963410446
381,2026-10-26,Raúl Espinoza,Arequipa,Electrónica,10,443.518743296599,281.332966436723,Tarjeta,Cancelado,1049.001750542410
382,2026-07-25,Isabel Castillo,Arequipa,Electrónica,9,320.165690863093,1593.88872952959,Tarjeta,Pendiente,3989.952174053832
383,2026-08-28,Andrés Campos,San Isidro,Electrónica,2,401.325660059998,390.695511436301,Tarjeta,Completado,7891.83101089840
384,2026-04-12,Roberto Meza,Trujillo,Electrónica,5,1200.42703531846,942.926780307165,Tarjeta,Cancelado,3873.03617432882
385,2026-07-10,Martina Delgado,Cusco,Electrónica,10,658.615203544106,19.9675608283722,Yape,Completado,946.73997732083
386,2026-11-04,,Miraflores,Ropa,9,1256.05344472021,1705.58975267898,Efectivo,Cancelado,1097.00253895841
387,2026-12-29,Elena Vargas,Trujillo,Ropa,7,1814.74566174196,182.014128436996,Efectivo,Cancelado,11939.28667472860
388,2026-04-11,,Cusco,Electrónica,3,1723.26088319604,1271.51490632201,Yape,Completado,6238.31518655199
389,2026-10-03,Natalia Ortiz,Miraflores,Alimentos,4,98.9856349228812,1641.89956476787,Tarjeta,Completado,3019.099004631704
390,2026-03-11,Diego Valdez,Cusco,Electrónica,3,1363.33425083077,1215.63700535577,Efectivo,Completado,5215.33818188646
391,2026-07-30,Lorena Campos,San Isidro,Ropa,4,1698.81033149718,1631.02956851551,Tarjeta,Pendiente,10930.83631682416
392,2026-06-26,Raúl Espinoza,Cusco,Ropa,3,1154.49682309602,1585.54753638732,Tarjeta,Completado,448.512655581738
393,2026-09-19,Natalia Ortiz,Arequipa,Alimentos,11,1752.33575291867,154.684771020634,Efectivo,Cancelado,2884.346610479656
394,2026-08-15,María García,Miraflores,Hogar,3,1339.5124908155,452.481312701448,Plin,Completado,3401.792157680724
395,2026-05-16,Patricia Ramos,Miraflores,Hogar,8,1483.25853717407,1764.67260918201,Plin,Pendiente,217.7723187734805
396,2026-07-13,Verónica León,Cusco,Electrónica,5,709.268962007949,789.975453727682,Yape,Pendiente,14077.4565076880
397,2026-10-28,Camila Díaz,Trujillo,Hogar,10,1154.92305926166,1335.39277099477,Tarjeta,Pendiente,6402.476073582210
398,2027-01-15,Paola Jiménez,Arequipa,Electrónica,7,987.959116283293,520.382655805909,Yape,Completado,9969.55161252669
399,2026-06-21,Ricardo Romero,San Isidro,Ropa,10,1350.70768209738,1660.69209452797,Efectivo,Cancelado,3401.329828714925
400,2026-08-11,Silvia Peña,Miraflores,Ropa,6,1132.64982214648,606.210968896332,Yape,Completado,15145.39155419640
401,2026-12-27,Gustavo Soto,Cusco,Electrónica,9,1496.11786860871,1659.34643846949,Plin,Cancelado,ERROR
402,2027-01-10,Felipe Mendoza,Arequipa,Ropa,4,1319.48874030982,808.39582937373,Efectivo,Pendiente,1463.477424277116
403,2026-03-08,Adriana Núñez,Miraflores,Electrónica,5,297.679843544307,1547.98770730952,Tarjeta,Pendiente,4925.18157430980
404,2026-04-29,Miguel Herrera,Trujillo,Alimentos,6,316.809525253025,142.322827308915,Tarjeta,Pendiente,10938.88260385998
405,2026-07-04,Silvia Peña,Arequipa,Ropa,11,1128.54852679384,375.760764363941,Yape,Completado,8654.28199485248
406,2026-11-25,María García,San Isidro,Electrónica,5,1247.18535682427,323.480952633168,Plin,Completado,904.52177169826
407,2026-11-03,Mariana López,Arequipa,Ropa,9,1203.90894955376,288.012358744396,Plin,Completado,7574.89401599284
408,2026-12-07,Carlos Ruiz,Arequipa,Electrónica,4,1402.05541715511,1982.53837020706,Tarjeta,Completado,783.851062604414
409,2026-03-08,María García,Arequipa,Hogar,6,341.211863645084,488.692059424937,Efectivo,Cancelado,691.606853560476
410,2026-12-27,Lorena Campos,San Isidro,Ropa,2,72.230933782692,20.2536327536024,Tarjeta,Completado,2443.653105848452
411,2026-06-25,Eduardo Herrera,Cusco,Hogar,8,-818.61015034168,1980.43091182561,Efectivo,Pendiente,10484.8448797352
412,2027-02-20,Silvia Peña,Cusco,Alimentos,3,1372.35025031959,190.55879590314,Efectivo,Pendiente,
413,2026-06-09,Laura Mendoza,San Isidro,Alimentos,9,1370.03286058589,783.88090390868,Yape,Completado,5521.392526126696
414,2026-08-04,Gabriela Suárez,Cusco,Ropa,10,87.0826525749619,982.086269634289,Efectivo,Cancelado,3974.7719551908
415,2026-09-24,Lorena Campos,San Isidro,Hogar,7,1319.09710482745,865.463479967469,Yape,Cancelado,75.866529064364
416,2026-04-17,Tomás Chávez,Cusco,Alimentos,6,1151.31032866494,479.082310922858,Plin,Cancelado,5821.99783512444
417,2027-02-08,Jorge Morales,Cusco,Alimentos,4,428.607192159975,1021.98849236326,Tarjeta,Pendiente,6924.93857585116
418,2026-12-23,Francisco Aguilar,San Isidro,Alimentos,2,1257.65992379715,1621.3503793213,Tarjeta,Completado,2233.455600299133
419,2026-05-15,Tomás Chávez,Trujillo,Ropa,9,326.075439861406,1115.16540254833,Tarjeta,Completado,1102.755157163992
420,2026-09-11,Mariana López,San Isidro,Ropa,2,1529.0014433808,1218.1037674975,Efectivo,Completado,11797.06998972294
421,2026-09-27,Javier Lozano,Cusco,Electrónica,7,684.27089106018,1023.3799947947,Yape,Pendiente,2295.49806342270
422,2027-02-18,Laura Mendoza,Trujillo,Electrónica,4,251.440787604791,633.152831987202,Yape,Cancelado,3469.484903738679
423,2026-10-10,Valeria Fuentes,Arequipa,Alimentos,8,463.740244173633,1769.56211262874,Plin,Pendiente,9327.41646724310
424,2026-11-29,José Díaz,Arequipa,Electrónica,7,1040.01225186339,1591.58624767484,Efectivo,Pendiente,13367.5621352032
425,2026-10-03,Elena Vargas,Cusco,Alimentos,10,1567.2390164819,978.409337496629,Yape,Pendiente,ERROR
426,2026-08-22,Manuel Cabrera,San Isidro,Electrónica,6,1135.03637383411,1008.22621638392,Yape,Pendiente,2022.72803274536
427,2026-10-28,Raúl Espinoza,Arequipa,Hogar,9,1647.17367670597,1660.46568038933,Tarjeta,Pendiente,5077.15001487908
428,2027-02-13,Camila Díaz,Arequipa,Electrónica,9,1787.37284456781,502.108211295262,Efectivo,Pendiente,15958.59162996080
429,2026-03-24,Pablo Torres,San Isidro,Hogar,4,739.818248885823,1208.97769843105,Yape,Cancelado,324.602020635554
430,2026-12-09,Rodrigo Castro,Arequipa,Electrónica,1,1668.24937121231,1356.68677698877,Plin,Pendiente,2230.087999108416
431,2027-02-07,Paola Jiménez,Trujillo,Ropa,1,1209.54594155172,1623.9869539746,Efectivo,Cancelado,11813.40059626377
432,2026-12-02,Miguel Herrera,Cusco,Electrónica,4,824.727315931344,421.898895781429,Plin,Completado,1348.260609636624
433,2026-04-29,Diego Valdez,Cusco,Alimentos,9,1557.50371271145,757.158747371826,Efectivo,Cancelado,7316.70614811910
434,2026-03-15,Miguel Herrera,San Isidro,Electrónica,5,1567.70783483228,727.435691034044,Efectivo,Completado,8700.00962387540
435,2026-03-29,Verónica León,Trujillo,Electrónica,9,1839.51195002516,1950.2041884317,Plin,Cancelado,7286.1897999695
436,2026-08-10,Fernando Castro,Trujillo,Alimentos,6,323.81305183491,587.681931365541,Plin,Pendiente,5521.121278128577
437,2026-03-21,Fernanda Soto,Cusco,Alimentos,7,1921.5501912652,1438.19967450775,Efectivo,Pendiente,5711.83781135649
438,2026-06-30,Antonio Rojas,Miraflores,Alimentos,11,886.370271849991,488.929134717824,Yape,Completado,
439,2027-02-04,Luis Rojas,San Isidro,Hogar,6,1170.4933237184,1794.10129199259,Yape,Completado,1477.911002614866
440,2026-05-02,Natalia Ortiz,Cusco,Ropa,8,1898.53348651464,1366.20944927125,Plin,Completado,4976.28467579046
441,2026-11-12,María García,Trujillo,Alimentos,9,258.310541100908,1867.03364324404,Yape,Cancelado,20335.56811775819
442,2026-10-01,,Cusco,Hogar,8,360.300768623319,1166.90414334891,Yape,Cancelado,13549.86532148517
443,2027-02-22,Manuel Cabrera,Cusco,Electrónica,5,1027.13643054545,324.82448721784,Efectivo,Pendiente,168.404961278539
444,2026-04-16,Mariana López,Miraflores,Ropa,3,460.834151461201,952.584799298608,Plin,Cancelado,10494.42587493232
445,2026-09-30,Andrés Campos,Arequipa,Alimentos,6,1038.46118963313,929.434868220063,Tarjeta,Completado,10278.47983722570
446,2026-03-31,Eduardo Herrera,Arequipa,Hogar,6,1022.32858410592,308.038267599604,Yape,Cancelado,5224.68118897902
447,2026-11-15,Daniela Peña,Arequipa,Electrónica,2,547.173061847853,548.811542773879,Yape,Cancelado,2538.52487681050
448,2026-11-20,Martina Delgado,San Isidro,Hogar,7,1859.76594466099,1203.61766537781,Efectivo,Pendiente,2907.538781800340
449,2027-01-14,Raúl Espinoza,Arequipa,Alimentos,11,31.173974492859,1899.35532140214,Tarjeta,Pendiente,7104.51411901945
450,2026-11-08,Eduardo Herrera,Trujillo,Alimentos,4,1951.08772291804,1962.64706248974,Tarjeta,Completado,2736.60457822424
451,2026-08-09,Carmen Flores,Miraflores,Alimentos,11,1336.79529536385,1492.54457455801,Efectivo,Cancelado,11394.43196411934
452,2027-01-02,Carolina Vega,San Isidro,Hogar,7,874.083613803311,1111.40908495993,Tarjeta,Pendiente,4470.396847355784
453,2026-04-25,,San Isidro,Ropa,4,-891.790195153097,736.499658785342,Tarjeta,Cancelado,8822.69511930456
454,2026-06-17,Javier Lozano,San Isidro,Ropa,2,1763.55132216399,368.791906297672,Tarjeta,Cancelado,12429.82628071670
455,2027-01-09,Elena Vargas,Cusco,Alimentos,6,1982.73351001798,425.274222866323,Efectivo,Pendiente,8591.39817867396
456,2026-08-25,Felipe Mendoza,Cusco,Hogar,2,1494.00531305765,1594.81099512723,Tarjeta,Pendiente,4882.46447473315
457,2026-11-11,Gustavo Soto,San Isidro,Hogar,10,1715.68920940833,975.280992917305,Plin,Completado,3343.85818575024
458,2026-08-27,Gustavo Soto,Cusco,Alimentos,9,1229.76870635829,1314.97435601033,Efectivo,Cancelado,5922.20832009876
459,2026-12-25,Matías Núñez,San Isidro,Hogar,5,413.924099557988,1773.84064692106,Yape,Pendiente,6621.41552472010
460,2027-01-02,Felipe Mendoza,Arequipa,Hogar,2,-4.20622234547261,113.085400301326,Tarjeta,Cancelado,2398.361061384260
461,2027-02-20,Elena Vargas,San Isidro,Electrónica,2,204.145197732686,1669.06294433435,Yape,Cancelado,13119.65691559840
462,2026-06-30,Fernanda Soto,Miraflores,Alimentos,4,403.793174247834,896.937394642664,Tarjeta,Completado,6909.810344015330
463,2026-04-26,Adriana Núñez,Arequipa,Hogar,4,1136.60597027904,1127.67654188434,Efectivo,Completado,
464,2026-12-30,Valentina Espinoza,Miraflores,Hogar,2,97.83532983373,1838.41153692985,Tarjeta,Pendiente,8409.13701132390
465,2027-01-15,Antonio Rojas,Arequipa,Electrónica,7,552.239158396279,1987.1513808553,Yape,Pendiente,5549.35609346756
466,2027-01-25,Patricia Ramos,Arequipa,Electrónica,2,1801.36175272192,228.758996229471,Plin,Pendiente,14643.48601178848
467,2026-10-27,Javier Lozano,Miraflores,Alimentos,3,293.856342544401,96.25519862202,Tarjeta,Pendiente,8350.53258788819
468,2027-01-18,Diego Valdez,Miraflores,Ropa,8,1116.76387634086,1677.63288385669,Plin,Completado,4319.847574144312
469,2027-02-11,Patricia Ramos,Cusco,Ropa,1,734.348984951493,435.077945237903,Plin,Completado,4142.93200024653
470,2027-02-19,Roberto Meza,Miraflores,Electrónica,5,374.723456892569,640.001707061239,Efectivo,Completado,312.036364067576
471,2026-03-17,Martina Delgado,Trujillo,Alimentos,8,236.871001218685,735.318752751684,Efectivo,Completado,4909.83153463416
472,2026-09-06,Daniela Peña,San Isidro,Alimentos,3,1483.88454329204,1186.24121808232,Tarjeta,Pendiente,68.4840413694080
473,2026-12-28,Héctor Salazar,Trujillo,Hogar,6,154.889289682455,730.196643074798,Plin,Completado,3429.762024062252
474,2026-08-17,Verónica León,San Isidro,Alimentos,3,394.269825583958,840.64476690197,Plin,Completado,1885.840125193188
475,2026-10-30,Javier Lozano,Miraflores,Hogar,7,627.164453359663,1158.64308507305,Plin,Cancelado,2926.812825548772
476,2026-08-15,Francisco Aguilar,Cusco,Alimentos,5,41.9007289275804,580.970313901879,Yape,Completado,ERROR
477,2026-07-22,Javier Lozano,San Isidro,Ropa,2,1664.66250375199,576.030900361171,Efectivo,Cancelado,1868.072022667205
478,2026-11-06,Adriana Núñez,Cusco,Electrónica,8,298.571469566544,1243.61714266098,Tarjeta,Completado,10008.82967188544
479,2026-12-28,Sebastián León,Trujillo,Electrónica,1,267.727643526566,1859.36180344648,Tarjeta,Cancelado,7804.34061995915
480,2026-08-31,Felipe Mendoza,Arequipa,Alimentos,6,858.725174279092,393.352290714698,Efectivo,Cancelado,2953.307115298377
481,2027-01-28,Raúl Espinoza,Trujillo,Alimentos,2,201.115802237744,559.763989736064,Tarjeta,Completado,11996.4946174703
482,2026-08-22,María García,Arequipa,Alimentos,10,1047.92749075276,1474.31381725675,Tarjeta,Cancelado,3817.824218417426
483,2027-02-05,Paola Jiménez,Trujillo,Electrónica,11,1043.25906948859,898.585996523832,Efectivo,Cancelado,5627.01598433802
484,2026-05-27,María García,Trujillo,Ropa,3,1464.53025389062,1475.11460412827,Yape,Pendiente,5962.519466437604
485,2026-04-23,Ricardo Romero,Cusco,Ropa,7,1941.924057772,1792.06815023602,Efectivo,Cancelado,395.878550721868
486,2027-01-14,Natalia Ortiz,Arequipa,Alimentos,3,1414.43213997177,705.022877356689,Yape,Pendiente,2356.66263858732
487,2027-01-23,Tomás Chávez,Arequipa,Alimentos,4,1817.31218165544,1825.67652260748,Tarjeta,Completado,14793.41144622368
488,2026-06-26,,Arequipa,Hogar,9,950.667892059598,226.584156907264,Yape,Completado,12411.89483038296
489,2026-04-22,Valeria Fuentes,Miraflores,Electrónica,6,1026.78201584744,390.155899661548,Tarjeta,Completado,5476.6203352112
490,2026-10-29,Antonio Rojas,Miraflores,Electrónica,10,1778.42373130962,1143.4683565235,Yape,Cancelado,1332.750818405904
491,2026-11-14,Felipe Mendoza,Cusco,Hogar,8,1885.37787448867,1186.84527445198,Yape,Pendiente,2081.630117083252
492,2026-08-27,Daniela Peña,Arequipa,Electrónica,6,445.660490489197,1981.6665404719,Yape,Completado,511.303541015382
493,2026-07-07,Jorge Morales,Trujillo,Alimentos,4,1163.31001722804,1796.87018881924,Plin,Pendiente,
494,2026-04-15,Carmen Flores,Trujillo,Ropa,10,1970.7084486675,359.478709987799,Plin,Pendiente,11657.6730360728
495,2026-11-08,Pablo Torres,Arequipa,Ropa,2,1510.20575286268,530.135239747281,Yape,Completado,15425.81685166390
496,2026-10-03,Verónica León,Miraflores,Hogar,9,656.895162201737,1766.9891684815,Plin,Cancelado,11501.39436784176
497,2026-06-09,Elena Vargas,Cusco,Ropa,4,795.354585064077,1683.9533945953,Tarjeta,Pendiente,2550.11261485418
498,2026-04-03,,Arequipa,Electrónica,9,1110.07542023513,440.65639038323,Yape,Pendiente,7205.48073438710
499,2026-07-19,Gabriela Suárez,Trujillo,Hogar,10,1707.74250503284,1525.18461739854,Yape,Completado,1512.237163152245
500,2027-01-02,Valentina Espinoza,Trujillo,Ropa,9,996.177140690365,673.369615710316,Efectivo,Pendiente,8345.16778838344
501,2027-01-11,Roberto Meza,Cusco,Alimentos,4,12.4438568838373,1256.68521250041,Efectivo,Cancelado,3110.768303505588
502,2026-12-18,Mariana López,Miraflores,Electrónica,3,1795.96941661012,1277.47448384998,Plin,Completado,11426.02876708146
503,2027-01-19,Héctor Salazar,Trujillo,Alimentos,4,1971.07614003247,1026.10738826133,Plin,Cancelado,619.27881240956
504,2026-04-28,Carmen Flores,Cusco,Alimentos,4,385.501102893508,234.641742929265,Plin,Cancelado,2208.61570150716
505,2027-02-19,Valeria Fuentes,Miraflores,Electrónica,7,369.253387281661,1501.21856768491,Yape,Cancelado,3993.87172784298
506,2026-03-23,Rodrigo Castro,Arequipa,Electrónica,8,26.7679408842842,898.715773520777,Tarjeta,Cancelado,8432.22738012276
507,2026-08-11,Miguel Herrera,Cusco,Electrónica,8,1316.64896650333,217.39279721771,Plin,Pendiente,7502.366512967592
508,2026-11-18,Gloria Guzmán,Cusco,Hogar,6,654.494296329665,1147.91821519297,Efectivo,Pendiente,13972.31779542816
509,2026-11-26,Héctor Salazar,Miraflores,Electrónica,9,88.3223114522962,1778.40708532321,Tarjeta,Completado,4615.909059854197
510,2027-01-26,Raúl Espinoza,Cusco,Ropa,8,-467.751798695921,1182.32938400455,Plin,Pendiente,4106.63029533156
511,2026-08-22,Sebastián León,Miraflores,Ropa,2,1445.67194133574,1038.48633832988,Plin,Cancelado,3461.18464671248
512,2027-01-14,Raúl Espinoza,Arequipa,Electrónica,7,915.321711965593,1770.15431666721,Yape,Completado,7486.92817514404
513,2026-03-12,Juan Pérez,Arequipa,Ropa,5,305.83329345312,551.60874546084,Tarjeta,Pendiente,2041.71421236730
514,2026-09-25,Oscar Navarro,San Isidro,Hogar,10,706.442602547946,1143.79890624919,Yape,Completado,4761.80236620438
515,2026-07-09,Felipe Mendoza,Trujillo,Ropa,3,796.679848410926,841.272550442671,Plin,Cancelado,
516,2026-05-15,Sebastián León,Miraflores,Hogar,5,399.823307873961,1063.59767342494,Efectivo,Pendiente,504.511012325414
517,2027-02-06,Sofía Morales,San Isidro,Electrónica,6,215.148772847752,887.036348326826,Efectivo,Pendiente,15770.54882372860
518,2026-08-03,Paola Jiménez,Arequipa,Electrónica,2,434.059960144052,434.062006453106,Efectivo,Completado,3649.189382559833
519,2026-12-13,Gabriela Suárez,San Isidro,Alimentos,10,439.486171293465,915.25681400487,Plin,Cancelado,7160.24579281940
520,2027-01-29,Felipe Mendoza,Trujillo,Electrónica,5,1956.47282358269,534.492316238213,Tarjeta,Completado,11236.726372634
521,2026-03-31,Valeria Fuentes,Trujillo,Ropa,8,391.325156414567,179.751795283513,Tarjeta,Cancelado,3490.50862814631
522,2026-10-03,Ana Silva,Miraflores,Ropa,2,1444.86965901367,489.772144127649,Yape,Completado,14972.25102810408
523,2026-10-01,Carolina Vega,San Isidro,Hogar,5,1264.59457720654,332.023681261976,Yape,Cancelado,12654.47839720808
524,2027-01-27,Sebastián León,Miraflores,Alimentos,9,902.57903623739,367.12978937646,Tarjeta,Cancelado,2775.982363308810
525,2026-10-17,Luis Rojas,Miraflores,Alimentos,9,1360.32957033709,1465.45200282733,Tarjeta,Cancelado,2133.904983866117
526,2026-12-10,Fernando Castro,Arequipa,Hogar,7,1985.71388478694,1215.98353652822,Tarjeta,Cancelado,9373.66911969732
527,2026-08-04,Rafael Guzmán,San Isidro,Alimentos,5,531.216318918124,1991.19639130927,Efectivo,Pendiente,11748.03073890336
528,2026-11-24,Valentina Espinoza,Cusco,Electrónica,8,1600.00126329279,1753.61295763819,Efectivo,Pendiente,6058.544445597501
529,2026-04-23,Juan Pérez,San Isidro,Hogar,11,1394.51872409618,231.70725254922,Plin,Pendiente,14481.93125098232
530,2026-03-13,Fernando Castro,Cusco,Ropa,3,131.768980610819,658.294344926477,Plin,Pendiente,10743.555583817089
531,2026-11-05,Daniela Peña,San Isidro,Alimentos,10,878.808178481655,1834.7413004689,Tarjeta,Cancelado,11207.85480213714
532,2026-12-01,Isabel Castillo,Trujillo,Electrónica,1,58.6638425966309,543.382946822459,Efectivo,Pendiente,3728.698620103992
533,2026-04-21,Patricia Ramos,Cusco,Ropa,6,1173.45062924447,1334.39886641803,Yape,Pendiente,2068.17639472856
534,2026-08-07,Claudia Chávez,Miraflores,Ropa,10,895.945266401771,1350.2526821308,Plin,Cancelado,1808.831631753664
535,2027-02-17,Fernanda Soto,Cusco,Hogar,10,1404.41279580319,1852.7361270236,Efectivo,Pendiente,873.7526978823819
536,2027-02-04,Alejandra Ríos,San Isidro,Ropa,2,152.812868545579,399.244507698474,Efectivo,Cancelado,15529.21488940424
537,2026-11-13,Sofía Morales,Arequipa,Hogar,8,846.46261633426,39.1046878562822,Tarjeta,Cancelado,11471.08472691728
538,2026-05-13,Felipe Mendoza,Trujillo,Alimentos,4,1203.1608527315,1566.13717966658,Efectivo,Pendiente,14566.39430845048
539,2026-04-21,Carolina Vega,San Isidro,Ropa,8,1357.77319574332,838.220887603568,Tarjeta,Pendiente,1844.485938127052
540,2026-10-19,Pablo Torres,Trujillo,Alimentos,9,669.593905918357,1293.94550191117,Plin,Pendiente,722.896442886728
541,2026-10-11,Laura Mendoza,Cusco,Hogar,3,765.328397322317,521.06366666752,Tarjeta,Completado,3284.17099928518
542,2026-10-31,Andrés Campos,San Isidro,Alimentos,2,1819.52007880225,107.929939011798,Tarjeta,Completado,1317.772561942716
543,2026-11-26,Adriana Núñez,Trujillo,Alimentos,6,473.28274571185,876.567579009731,Yape,Completado,ERROR
544,2026-12-23,,Cusco,Alimentos,5,765.978758813633,358.550716865128,Efectivo,Pendiente,5808.59778691101
545,2026-09-22,Gabriela Suárez,Cusco,Alimentos,1,733.506107719334,106.563590784511,Yape,Completado,3197.86635715688
546,2026-09-18,Martina Delgado,Arequipa,Ropa,2,1791.72828747366,1600.58945739842,Tarjeta,Completado,927.534618149780
547,2026-11-11,Sofía Morales,Trujillo,Electrónica,6,71.2872232683883,1630.53016353213,Efectivo,Pendiente,929.411420090904
548,2026-10-25,Miguel Herrera,Arequipa,Hogar,11,240.723197835435,1284.58185214041,Yape,Cancelado,12933.51918968529
549,2026-05-26,Sergio Delgado,San Isidro,Alimentos,4,1787.78079827988,1425.24233394843,Efectivo,Completado,5024.726162782984
550,2026-05-02,Ana Silva,San Isidro,Alimentos,7,674.765859786147,885.368573657157,Tarjeta,Completado,4575.7379424692
551,2026-09-22,Ricardo Romero,Cusco,Ropa,5,1526.22818427557,611.128496372515,Yape,Pendiente,9491.915774060357
552,2026-04-17,Eduardo Herrera,Arequipa,Hogar,5,1451.33264318796,715.061889124292,Yape,Cancelado,ERROR
553,2026-04-06,Paola Jiménez,Arequipa,Ropa,5,1529.31184997973,234.491503457086,Efectivo,Pendiente,10727.361269044211
554,2027-02-01,José Díaz,Arequipa,Electrónica,4,1727.27729588952,1131.81768653435,Plin,Completado,1862.19405730224
555,2026-08-15,Oscar Navarro,Arequipa,Electrónica,5,443.463440382318,1776.47656025448,Tarjeta,Cancelado,10483.585206604081
556,2026-06-18,Mariana López,San Isidro,Hogar,10,486.600344522797,1218.06807977648,Tarjeta,Cancelado,12331.80963764043
557,2026-09-30,Mariana López,Trujillo,Ropa,4,1299.27269134752,78.7342708339791,Tarjeta,Cancelado,300.858994151324
558,2027-02-17,Laura Mendoza,San Isidro,Hogar,2,870.99618480405,652.100766976297,Efectivo,Completado,8020.73810895264
559,2026-05-24,Mariana López,Miraflores,Ropa,7,1879.11075133452,737.775779362444,Efectivo,Cancelado,3852.52669098212
560,2026-05-17,Raúl Espinoza,Trujillo,Alimentos,4,1002.27355067998,1040.8228639212,Yape,Completado,14734.25623606752
561,2026-11-16,Silvia Peña,Arequipa,Hogar,2,1428.56492871824,280.631817589498,Plin,Pendiente,6747.282409065604
562,2026-07-25,Adriana Núñez,Miraflores,Alimentos,1,1229.1889328968,1973.46701645408,Plin,Cancelado,3080.416015392228
563,2026-10-10,Héctor Salazar,Arequipa,Hogar,11,594.02471786563,770.366131467233,Yape,Pendiente,15373.7829081984
564,2027-02-04,Carmen Flores,San Isidro,Hogar,3,829.341639313859,433.79815788492,Efectivo,Cancelado,2154.46168336244
565,2027-01-03,,Miraflores,Ropa,3,48.2749228707581,327.591202306209,Efectivo,Pendiente,8528.9526853955
566,2026-07-24,Carmen Flores,Miraflores,Hogar,10,1379.83069237659,1975.36693941708,Tarjeta,Cancelado,6531.2758264624
567,2026-10-13,Valentina Espinoza,Arequipa,Alimentos,2,439.65779170644,160.238694567106,Yape,Completado,12606.8523030530
568,2026-04-24,Sebastián León,Arequipa,Alimentos,8,1930.09315986455,657.119032388955,Yape,Cancelado,431.192494796233
569,2026-05-21,Lorena Campos,Arequipa,Alimentos,7,705.131042499311,1994.04881458423,Plin,Completado,7361.02348928135
570,2027-01-24,Andrés Campos,Trujillo,Alimentos,6,560.778892204951,1579.66332156105,Yape,Completado,3789.34820334804
571,2026-10-21,Pablo Torres,Arequipa,Hogar,9,529.970215956911,1096.80744607294,Yape,Pendiente,1183.327848092710
572,2026-05-15,Valentina Espinoza,San Isidro,Electrónica,11,1383.32680953394,1596.91550934039,Efectivo,Pendiente,16170.00499973124
573,2026-08-23,Daniela Peña,Cusco,Alimentos,10,1846.25111886516,1687.5229342544,Plin,Cancelado,14292.38675088368
574,2026-07-05,Sergio Delgado,Trujillo,Ropa,2,1433.23701997498,806.632952699732,Yape,Cancelado,
575,2026-09-14,Claudia Chávez,San Isidro,Ropa,6,1478.76280143315,1119.80834957744,Tarjeta,Completado,2867.252381986047
576,2026-09-22,José Díaz,Miraflores,Alimentos,5,1689.69269750518,898.984142775708,Tarjeta,Pendiente,12741.77718722259
577,2027-02-28,Laura Mendoza,Miraflores,Alimentos,1,1746.67474981821,179.810346134348,Efectivo,Completado,9149.71641009039
578,2026-04-30,Ana Silva,Arequipa,Alimentos,10,938.421231313875,844.322803053401,Tarjeta,Cancelado,624.161946548358
579,2026-07-25,Oscar Navarro,Trujillo,Alimentos,6,1025.86731745805,1095.19773401407,Efectivo,Cancelado,2731.247948310126
580,2026-08-02,Ricardo Romero,Miraflores,Ropa,8,809.047104926093,1081.70051824637,Efectivo,Pendiente,5935.38345610032
581,2026-07-06,Laura Mendoza,Trujillo,Ropa,5,24.9581879258764,1875.87552369628,Efectivo,Cancelado,16188.7641885666
582,2027-02-01,Carmen Flores,Arequipa,Alimentos,4,341.066038228897,291.84213915577,Plin,Cancelado,520.192547600232
583,2027-02-21,Rosa Castillo,Cusco,Alimentos,3,1395.01963156315,505.753043710901,Tarjeta,Completado,722.1642375135952
584,2026-03-27,Gabriela Suárez,San Isidro,Alimentos,8,1285.49729741055,326.944269542435,Tarjeta,Cancelado,7023.7974163756
585,2026-04-15,Adriana Núñez,Cusco,Hogar,2,1696.30179892909,1601.76957678603,Tarjeta,Pendiente,11267.88636990970
586,2026-03-23,Alberto Ponce,San Isidro,Alimentos,7,1744.16682618403,1981.53975831981,Tarjeta,Completado,1957.939102476396
587,2026-11-22,Andrés Campos,Trujillo,Ropa,7,1391.08584858512,727.743202058525,Yape,Pendiente,
588,2026-08-19,Gabriela Suárez,San Isidro,Electrónica,2,1672.59817605379,1241.0104158583,Plin,Cancelado,7176.23212738962
589,2026-06-15,Sergio Delgado,Cusco,Ropa,6,251.35696317099,807.575298832082,Yape,Pendiente,1550.504169916596
590,2026-11-21,Alejandra Ríos,San Isidro,Hogar,6,1068.03575653949,1410.01071831512,Yape,Completado,4369.28759625924
591,2026-10-17,Carolina Vega,Arequipa,Alimentos,5,1171.39323143669,278.108851919473,Efectivo,Cancelado,4874.590596225510
592,2026-11-28,José Díaz,Cusco,Ropa,8,249.76419360469,584.857083617817,Plin,Pendiente,6870.89882446852
593,2027-02-24,Patricia Ramos,Arequipa,Electrónica,10,-62.9139408748803,1349.74461209991,Plin,Cancelado,1490.94396448852
594,2026-05-22,Matías Núñez,San Isidro,Hogar,4,1409.40060921664,87.8648687721331,Plin,Cancelado,8816.557620622340
595,2026-12-17,Luis Rojas,Miraflores,Hogar,2,1310.70510844507,1663.65986262867,Efectivo,Cancelado,169.9894074907270
596,2026-07-12,Matías Núñez,San Isidro,Ropa,10,380.605959300477,1968.80512802644,Tarjeta,Completado,11336.05331049774
597,2026-11-19,Claudia Chávez,San Isidro,Electrónica,3,1903.46904254259,1132.5767440602,Plin,Cancelado,ERROR
598,2027-02-01,Gabriela Suárez,Miraflores,Ropa,6,1993.20117850488,211.856541002851,Tarjeta,Completado,5858.24347624290
599,2026-05-24,Rafael Guzmán,Arequipa,Hogar,2,895.844454507936,1547.46370817166,Plin,Cancelado,10372.53022526298
600,2026-04-14,Raúl Espinoza,Arequipa,Alimentos,8,1024.92373622443,84.6701390767258,Tarjeta,Cancelado,14782.52196659712
601,2026-07-25,Matías Núñez,Cusco,Alimentos,4,-581.154945158281,1837.59056807179,Tarjeta,Pendiente,225.5624068699748
602,2026-09-19,Carlos Ruiz,Trujillo,Ropa,2,1901.69244818613,58.1490578849387,Plin,Cancelado,13455.49709164934
603,2026-06-03,Patricia Ramos,Arequipa,Ropa,10,596.224143319985,617.253086113657,Plin,Cancelado,3173.225212445650
604,2026-05-04,Rafael Guzmán,Miraflores,Hogar,10,1902.79942711832,115.387728686957,Yape,Cancelado,4026.7574468073
605,2026-04-28,Antonio Rojas,San Isidro,Alimentos,5,1380.47387310473,1706.08510340049,Efectivo,Completado,3960.366067583262
606,2027-01-18,Patricia Ramos,Cusco,Electrónica,10,616.196167740858,1898.32991484656,Yape,Completado,3107.588387883040
607,2026-11-16,Fernando Castro,Arequipa,Hogar,8,880.23635688716,334.793362691723,Yape,Completado,5731.64730278420
608,2026-03-10,Diego Valdez,San Isidro,Electrónica,9,1112.71750192616,309.156010816448,Plin,Pendiente,8222.17386611064
609,2026-04-07,Pablo Torres,San Isidro,Electrónica,6,462.374564110824,1679.77126274889,Plin,Cancelado,ERROR
610,2026-05-13,Alberto Ponce,San Isidro,Ropa,2,478.138230521719,293.608975144765,Plin,Pendiente,ERROR
611,2027-01-07,Javier Lozano,Miraflores,Hogar,5,319.672214671547,1101.59559609611,Yape,Completado,9676.55385377919
612,2026-07-03,Alejandra Ríos,Arequipa,Alimentos,10,32.6701384711817,1374.61825336988,Tarjeta,Cancelado,8680.317032810290
613,2026-06-21,Mónica Cordero,Cusco,Electrónica,2,576.079661077846,1331.71417261471,Tarjeta,Completado,4539.7260798910
614,2026-03-19,,Trujillo,Alimentos,7,1413.97550049692,1011.52838786157,Tarjeta,Completado,3498.677749973896
615,2026-10-31,Daniela Paredes,Trujillo,Alimentos,6,821.704860860546,1616.87619165215,Efectivo,Pendiente,6146.268089475101
616,2026-05-26,Andrés Campos,Arequipa,Hogar,10,311.426699280423,1154.74973050993,Yape,Cancelado,2524.403654924406
617,2026-07-26,Tomás Chávez,San Isidro,Electrónica,6,770.9393959914,191.725993496927,Plin,Pendiente,14251.62761734336
618,2026-03-23,Rodrigo Castro,San Isidro,Alimentos,3,864.146971178191,438.51410726914,Efectivo,Completado,
619,2026-07-20,Fernanda Soto,Miraflores,Alimentos,4,1197.81633944748,1061.20974974848,Yape,Cancelado,1451.787449859712
620,2026-03-14,Valentina Espinoza,Miraflores,Hogar,2,366.762519142316,130.342009985057,Efectivo,Pendiente,106.1641305790205
621,2027-01-19,Daniela Peña,Arequipa,Electrónica,8,1640.45481156505,265.699043308804,Plin,Completado,640.390090071606
622,2026-09-02,Claudia Chávez,Miraflores,Ropa,2,1917.56237599461,1565.27027742623,Efectivo,Cancelado,176.0688603054816
623,2027-03-03,Mónica Cordero,Miraflores,Alimentos,7,1607.30883901474,1036.1061706652,Tarjeta,Cancelado,17838.13253379129
624,2026-08-16,Gloria Guzmán,Trujillo,Hogar,6,179.769231874006,1448.34211260985,Plin,Completado,4965.483996950040
625,2026-04-16,Verónica León,Miraflores,Alimentos,11,302.306487974595,1410.99268050632,Plin,Cancelado,9868.9057065765
626,2026-08-10,Gloria Guzmán,San Isidro,Hogar,5,464.66185019573,777.489079246553,Tarjeta,Cancelado,4826.7126332280
627,2026-06-26,Alberto Ponce,Miraflores,Hogar,8,762.258307619041,580.608550667561,Efectivo,Cancelado,1167.672322917804
628,2026-04-02,Miguel Herrera,Trujillo,Ropa,4,532.487630781342,1161.53506083539,Efectivo,Completado,500.998120012356
629,2026-06-12,Isabel Castillo,Trujillo,Ropa,9,461.026400224755,1819.15040929123,Plin,Cancelado,5839.510526395364
630,2026-03-28,Andrés Campos,Arequipa,Alimentos,4,1434.4636038663,1973.20940354413,Efectivo,Completado,978.115357157978
631,2026-11-12,Rafael Guzmán,San Isidro,Hogar,10,355.193658507743,1401.4746456459,Plin,Completado,7306.305932313136
632,2026-11-20,José Díaz,Cusco,Alimentos,2,712.566719289925,1313.39779157755,Efectivo,Completado,107.0715045108204
633,2026-07-26,Rodrigo Castro,Arequipa,Ropa,5,-682.569613678055,676.706658236448,Tarjeta,Pendiente,5286.942915929682
634,2026-07-17,Valeria Fuentes,Miraflores,Alimentos,3,1926.60926143644,1642.13738376851,Yape,Cancelado,11147.51609148919
635,2027-02-07,Martina Delgado,San Isidro,Ropa,5,1373.99546174696,965.032325209776,Tarjeta,Pendiente,4892.05795441015
636,2026-09-17,Andrés Campos,Cusco,Electrónica,8,885.385453670269,1059.94771627205,Tarjeta,Pendiente,6550.62567783548
637,2026-03-22,Matías Núñez,Trujillo,Hogar,8,460.513920442456,853.775283032635,Tarjeta,Pendiente,3769.96024960614
638,2026-06-27,Patricia Ramos,San Isidro,Hogar,4,1708.77656862916,995.786629331075,Plin,Pendiente,ERROR
639,2026-09-23,Claudia Chávez,Trujillo,Ropa,3,805.318669137846,264.449429039046,Efectivo,Completado,7733.67079938215
640,2026-06-30,Alberto Ponce,Trujillo,Alimentos,3,1739.5385572284,662.015788694657,Efectivo,Pendiente,4266.053161302878
641,2026-05-25,Javier Lozano,Trujillo,Electrónica,10,1586.10989957235,797.780995872486,Tarjeta,Completado,14194.58047017230
642,2026-09-23,Daniela Paredes,Trujillo,Ropa,3,1591.92956381691,1085.30937424018,Plin,Cancelado,2815.207219606392
643,2027-02-02,Daniela Paredes,San Isidro,Electrónica,4,1553.18228859642,1561.04260936993,Yape,Pendiente,8828.47725800784
644,2026-07-23,Fernanda Soto,Miraflores,Hogar,6,1154.22687429185,97.7613837356184,Tarjeta,Pendiente,15233.68839654380
645,2026-08-02,Miguel Herrera,Arequipa,Alimentos,11,1331.58723662228,1072.17094898109,Tarjeta,Pendiente,686.13881577802
646,2026-06-03,Oscar Navarro,San Isidro,Alimentos,5,1179.40993774777,688.321209129123,Yape,Cancelado,586.819671396490
647,2026-11-20,Raúl Espinoza,Miraflores,Electrónica,11,1217.7007501759,1952.2714344204,Plin,Completado,1076.59687750195
648,2026-10-06,Javier Lozano,Arequipa,Ropa,3,-781.056678653527,473.824818219974,Yape,Cancelado,4283.651398533741
649,2026-07-27,Eduardo Herrera,Cusco,Ropa,3,232.578161419123,1779.15303492615,Plin,Cancelado,5890.50581275636
650,2026-05-01,Gustavo Soto,Miraflores,Hogar,2,1237.22315065479,300.54740495401,Tarjeta,Pendiente,8400.992894962780
651,2026-07-18,Héctor Salazar,Miraflores,Ropa,9,597.878020714233,328.861272273241,Efectivo,Pendiente,1098.075153447706
652,2026-05-25,Isabel Castillo,Miraflores,Electrónica,5,768.687996188202,788.053170082182,Efectivo,Cancelado,12327.30397975870
653,2026-11-21,Ricardo Romero,San Isidro,Alimentos,7,1356.76508753655,991.933731305755,Tarjeta,Cancelado,7222.68049113536
654,2026-03-28,,Cusco,Electrónica,3,70.5116068665531,1305.82429500118,Plin,Pendiente,2911.665430391085
655,2027-03-02,Carolina Vega,Miraflores,Alimentos,1,1791.22205753868,593.346622059087,Yape,Completado,21779.3614697307
656,2026-08-05,Héctor Salazar,Cusco,Ropa,7,-242.675130121213,1348.98728597872,Tarjeta,Cancelado,7450.82841802010
657,2026-11-05,Valentina Espinoza,Miraflores,Ropa,7,1470.82389240591,1741.83847033016,Tarjeta,Pendiente,2909.51984726270
658,2026-08-10,Roberto Meza,Arequipa,Ropa,9,1230.27873306996,1757.53830575127,Plin,Completado,4076.47013839665
659,2026-05-02,Mónica Cordero,Arequipa,Hogar,7,500.102921527997,1200.00379286134,Efectivo,Pendiente,7997.26761817405
660,2026-12-25,Mariana López,Cusco,Electrónica,4,1844.67423865402,451.954569401042,Efectivo,Cancelado,1947.2113877613
661,2026-05-16,Pablo Torres,Cusco,Electrónica,3,47.6973593590332,1540.53346883036,Efectivo,Pendiente,6665.40549802988
662,2026-11-11,Fernando Castro,Arequipa,Alimentos,10,84.3949432886638,215.573402682158,Efectivo,Pendiente,3846.53533563976
663,2026-11-02,Juan Pérez,Miraflores,Alimentos,5,263.952091115825,952.88082010528,Plin,Pendiente,1096.331979231332
664,2026-11-23,Pablo Torres,San Isidro,Ropa,6,301.827084565975,1612.21274001668,Yape,Pendiente,4805.955938755367
665,2026-04-27,Raúl Espinoza,San Isidro,Electrónica,2,1064.46094874518,296.438659380362,Yape,Pendiente,9156.1512822936
666,2026-10-02,Fernanda Soto,Miraflores,Hogar,5,1584.22385764541,376.144010014325,Tarjeta,Pendiente,2099.11232240367
667,2026-10-27,Rosa Castillo,Arequipa,Ropa,4,867.860318352423,1515.64899893073,Tarjeta,Completado,63.9428084143138
668,2027-02-19,Jorge Morales,Miraflores,Hogar,3,708.863315329241,927.676778718141,Plin,Pendiente,5423.74842609672
669,2026-07-16,Tomás Chávez,Miraflores,Alimentos,4,1805.96871132034,1784.80869205734,Yape,Cancelado,5962.1815074015
670,2026-09-13,Laura Mendoza,Trujillo,Electrónica,7,21.0538082396262,1641.27507704462,Plin,Pendiente,9045.95230088585
671,2026-07-19,Luis Rojas,Arequipa,Hogar,5,1860.35722842812,589.53724084779,Efectivo,Cancelado,7001.96655021969
672,2026-11-06,Carlos Ruiz,Cusco,Hogar,7,1531.19216422678,1789.30146161478,Yape,Completado,21100.90340884537
673,2027-01-01,Mariana López,Arequipa,Hogar,9,1753.26652493249,483.194292670496,Yape,Pendiente,4987.622221974845
674,2026-10-03,Matías Núñez,Arequipa,Hogar,2,91.484624136095,1915.88718564672,Yape,Cancelado,11262.45616519920
675,2026-10-18,Carolina Vega,Trujillo,Electrónica,9,1755.7498021613,677.678146698807,Plin,Cancelado,5137.36962208161
676,2026-08-07,Ana Silva,Trujillo,Ropa,1,399.22625280571,1384.41594760976,Plin,Completado,834.740735420349
677,2026-11-13,María García,Cusco,Ropa,5,1227.96887967262,171.930008379522,Tarjeta,Pendiente,2636.32781010764
678,2026-09-23,Fernanda Soto,Trujillo,Ropa,7,158.764178584874,1196.57466940892,Tarjeta,Completado,2025.60318102016
679,2026-09-26,Paola Jiménez,San Isidro,Alimentos,4,1125.95633112781,294.388186667339,Efectivo,Completado,1115.228522963954
680,2026-03-29,Claudia Chávez,Cusco,Alimentos,3,320.825494701126,854.373412418881,Tarjeta,Pendiente,11246.43310390872
681,2026-09-19,Pablo Torres,San Isidro,Hogar,6,396.57486032194,1234.87133455533,Tarjeta,Pendiente,929.079033103998
682,2026-08-17,Sergio Delgado,Cusco,Alimentos,9,246.685254653711,393.091761114874,Yape,Pendiente,15068.30818939410
683,2026-06-18,Rodrigo Castro,San Isidro,Electrónica,5,1198.91855656341,1226.71106085756,Efectivo,Pendiente,12778.71036941800
684,2026-12-03,Sofía Morales,Miraflores,Electrónica,1,185.861417775944,1287.71464111101,Plin,Cancelado,11099.31536520810
685,2026-11-08,Eduardo Herrera,Miraflores,Alimentos,4,630.743896355541,1581.62930211896,Efectivo,Completado,5065.75027511352
686,2026-12-11,Sergio Delgado,San Isidro,Ropa,6,1599.59875496701,866.972517407395,Efectivo,Completado,2085.48842119382
687,2026-10-23,José Díaz,San Isidro,Alimentos,8,547.263497106195,1028.73502757737,Plin,Cancelado,4725.53903983137
688,2026-08-22,Mariana López,Cusco,Hogar,7,1235.13956618813,149.454969353283,Plin,Completado,3266.020382216372
689,2026-08-06,Tomás Chávez,Trujillo,Alimentos,8,1358.7060331486,791.590146776407,Tarjeta,Completado,1867.78757482103
690,2026-10-10,Elena Vargas,Miraflores,Alimentos,7,587.124511902744,1896.53410376744,Yape,Cancelado,3261.357972765410
691,2026-11-28,Andrés Campos,Arequipa,Alimentos,4,89.7993533609521,977.389443176325,Plin,Completado,6416.3947211685
692,2026-12-14,Daniela Paredes,Cusco,Hogar,5,1509.06939621336,999.900248982962,Yape,Completado,4324.602216396915
693,2026-03-14,Andrés Campos,Trujillo,Electrónica,8,336.43958669586,1171.83324708145,Tarjeta,Pendiente,13910.32354554563
694,2026-12-14,Gloria Guzmán,Trujillo,Electrónica,6,573.992881179242,667.539963422851,Tarjeta,Cancelado,15098.43956355756
695,2027-02-03,Miguel Herrera,Cusco,Electrónica,5,414.440952989847,43.4943743786312,Efectivo,Pendiente,6076.809776946824
696,2026-11-16,Paola Jiménez,San Isidro,Alimentos,2,248.222985554615,952.748105756426,Tarjeta,Completado,16466.02611035590
697,2026-11-17,Paola Jiménez,Cusco,Hogar,2,459.09843290669,562.175602311446,Yape,Completado,1226.028171961208
698,2027-01-11,Valentina Espinoza,Miraflores,Alimentos,9,982.764634965529,1830.60407864594,Yape,Pendiente,5652.820207706898
699,2026-03-27,Roberto Meza,Miraflores,Hogar,9,492.64535972638,1017.01413186003,Tarjeta,Cancelado,3650.68307098815
700,2027-01-30,Martina Delgado,San Isidro,Alimentos,8,398.582204526864,1031.16263453884,Plin,Completado,3793.56839094420
701,2026-04-04,Martina Delgado,San Isidro,Alimentos,7,1544.1920147069,952.233246264703,Efectivo,Cancelado,ERROR
702,2027-02-18,Carolina Vega,Cusco,Electrónica,5,1676.11808569034,437.609287059348,Efectivo,Cancelado,1038.5970936795
703,2026-05-31,Valentina Espinoza,Arequipa,Electrónica,4,1705.17491565496,100.35664755927,Tarjeta,Pendiente,ERROR
704,2026-11-08,Lorena Campos,San Isidro,Ropa,6,1368.25772100374,36.2094521761446,Tarjeta,Cancelado,2265.22191393716
705,2027-01-15,Valeria Fuentes,Cusco,Electrónica,8,694.92313948718,1336.38770387117,Yape,Pendiente,3056.497377370236
706,2027-01-16,Rosa Castillo,San Isidro,Electrónica,5,218.058847104993,160.902418503448,Tarjeta,Completado,3556.524238302072
707,2026-04-12,Oscar Navarro,Trujillo,Electrónica,9,1673.73440836378,800.4933882142,Efectivo,Pendiente,4077.87274475316
708,2026-08-09,Javier Lozano,Cusco,Alimentos,3,92.0787430084445,1269.70279939678,Yape,Completado,8167.485310359560
709,2027-01-23,Mariana López,San Isidro,Hogar,7,863.460677277251,716.849786316258,Efectivo,Completado,5396.22982366945
710,2026-07-23,José Díaz,Cusco,Ropa,4,236.878660004144,584.421009345841,Tarjeta,Completado,2706.63575739996
711,2027-01-27,Jorge Morales,Arequipa,Alimentos,3,285.652887709602,1168.39368065768,Yape,Cancelado,2887.510871037390
712,2026-10-30,Adriana Núñez,San Isidro,Hogar,2,1083.86924649153,1207.07239565423,Tarjeta,Pendiente,4075.265299729632
713,2027-02-03,Pablo Torres,Trujillo,Electrónica,3,1076.61072475716,432.364614682609,Yape,Completado,10972.15600451663
714,2027-01-17,Juan Pérez,San Isidro,Electrónica,5,1157.3502103056,391.007414862243,Tarjeta,Cancelado,8109.8270201095
715,2026-09-07,Sergio Delgado,Cusco,Electrónica,3,1702.13101144635,743.773043512631,Plin,Pendiente,6329.143690149786
716,2026-05-10,Matías Núñez,Arequipa,Electrónica,10,279.30636528414,1229.86536390244,Tarjeta,Cancelado,2410.29694313842
717,2026-10-11,Javier Lozano,Miraflores,Ropa,9,1317.32422964083,1038.49910071502,Efectivo,Pendiente,1628.290768210238
718,2026-05-15,Jorge Morales,Miraflores,Electrónica,3,972.176307406439,1840.69614202971,Efectivo,Cancelado,2398.30655012996
719,2027-02-26,Alejandra Ríos,Cusco,Ropa,4,1499.76463939829,872.844789668854,Yape,Completado,3512.57486151312
720,2026-11-05,Gabriela Suárez,Miraflores,Alimentos,9,348.722330577271,1085.62891370161,Efectivo,Pendiente,11273.37333377336
721,2026-08-03,Gabriela Suárez,Arequipa,Hogar,5,845.878451972327,969.649843070601,Efectivo,Cancelado,8074.54733445624
722,2026-05-01,Francisco Aguilar,Arequipa,Ropa,4,119.758570071894,845.967290108249,Plin,Cancelado,6667.90320758755
723,2026-09-14,Gustavo Soto,San Isidro,Electrónica,6,58.0466584240321,201.21888563831,Efectivo,Cancelado,1608.31048009602
724,2027-02-11,Eduardo Herrera,Trujillo,Alimentos,7,28.3174298778784,1526.41690838208,Yape,Pendiente,2346.731983851810
725,2026-03-24,Diego Valdez,San Isidro,Ropa,6,929.725257145333,958.589670211242,Tarjeta,Cancelado,16253.05317337926
726,2027-01-14,Natalia Ortiz,Miraflores,Electrónica,6,526.97513071232,1150.82797768813,Yape,Cancelado,7352.037777293244
727,2026-11-20,Gloria Guzmán,Miraflores,Alimentos,3,207.432633340703,513.783064791322,Efectivo,Pendiente,6292.087807460410
728,2026-07-24,Gustavo Soto,San Isidro,Alimentos,2,1030.41449807436,127.462308684981,Tarjeta,Cancelado,20113.05075418144
729,2026-09-25,Jorge Morales,Trujillo,Ropa,11,1446.87751232246,1559.608073006,Plin,Completado,3685.957199962032
730,2027-01-08,Antonio Rojas,San Isidro,Electrónica,11,1895.72751307834,1238.3725625434,Plin,Completado,5559.880361140007
731,2026-07-09,Antonio Rojas,Trujillo,Electrónica,4,1117.49645527448,789.263027571112,Efectivo,Cancelado,2309.334264055995
732,2026-09-24,Elena Vargas,Miraflores,Alimentos,2,14.507794581735,748.0948526899,Plin,Pendiente,4678.427423117154
733,2026-10-23,Ana Silva,Miraflores,Hogar,10,444.913346995475,1213.43918699757,Yape,Pendiente,2685.68410798546
734,2026-07-30,Lorena Campos,Miraflores,Alimentos,6,1384.32262874437,592.314605966271,Plin,Pendiente,2471.11492726974
735,2026-07-02,Daniela Peña,San Isidro,Electrónica,7,259.228901746563,680.761710305319,Efectivo,Pendiente,261.3197961474425
736,2026-09-27,Fernando Castro,Arequipa,Alimentos,10,1540.95154020481,448.634481297608,Plin,Pendiente,9109.8738033480
737,2027-01-06,Ana Silva,Arequipa,Hogar,2,-905.743408119676,84.1278547904876,Yape,Cancelado,3871.56167555910
738,2026-11-15,Roberto Meza,Arequipa,Alimentos,8,1949.81394702454,285.27839386716,Plin,Cancelado,1066.484169925940
739,2026-08-16,Diego Valdez,San Isidro,Hogar,2,1956.58785685495,1703.68303018306,Plin,Pendiente,2605.08176590598
740,2027-01-29,Juan Pérez,Trujillo,Electrónica,2,1979.69574383164,883.48863936261,Efectivo,Completado,8486.41207688652
741,2026-08-29,Verónica León,San Isidro,Hogar,10,184.098702489409,1979.12746632667,Yape,Completado,12838.30455276201
742,2026-09-09,Gustavo Soto,Trujillo,Electrónica,9,1387.92774969291,694.570461408887,Plin,Pendiente,946.79192267226
743,2026-11-04,Felipe Mendoza,Miraflores,Electrónica,2,307.553496810996,547.46183486787,Yape,Completado,1822.054947429985
744,2027-01-22,Carolina Vega,Arequipa,Alimentos,7,1497.43575792545,185.48239223625,Efectivo,Cancelado,5026.69152736236
745,2026-12-20,Antonio Rojas,San Isidro,Hogar,9,908.439322626272,1641.00700856612,Tarjeta,Completado,15410.43803241984
746,2026-03-23,Fernando Castro,Trujillo,Hogar,4,1063.92573642957,1292.8995746152,Tarjeta,Completado,3576.58356732009
747,2026-11-14,Sofía Morales,Miraflores,Ropa,2,23.9855536599842,1568.32871922736,Tarjeta,Cancelado,4896.33834397572
748,2027-02-22,,Miraflores,Electrónica,3,643.930946518312,785.647810255664,Plin,Pendiente,3609.85536533448
749,2026-07-17,Mónica Cordero,Miraflores,Ropa,3,1368.09140612312,73.3407812740126,Efectivo,Cancelado,14923.52733798528
750,2026-05-25,Claudia Chávez,San Isidro,Alimentos,8,176.028760221094,1059.84234267642,Plin,Completado,ERROR
751,2026-08-18,Oscar Navarro,Trujillo,Electrónica,8,40.9883868503191,273.231766672011,Tarjeta,Cancelado,6751.74108325605
752,2026-12-11,Paola Jiménez,Cusco,Alimentos,8,79.9470361669901,1280.03557945136,Efectivo,Pendiente,3236.127723504
753,2026-11-28,Gustavo Soto,Trujillo,Hogar,9,1208.26914242813,384.981220584355,Efectivo,Completado,5460.59701266903
754,2026-11-26,Rosa Castillo,Arequipa,Alimentos,3,1497.57649161346,1654.42322353951,Efectivo,Completado,2533.458161826571
755,2026-10-29,Camila Díaz,Cusco,Ropa,10,258.360114847397,618.217086877872,Plin,Cancelado,1131.535473271592
756,2026-03-09,,Arequipa,Electrónica,2,189.547777890044,1730.26342719751,Yape,Completado,11387.7167597977
757,2027-02-20,Fernanda Soto,Arequipa,Electrónica,7,1274.55964404934,1911.95843169693,Plin,Completado,1593.587188164474
758,2026-07-01,Manuel Cabrera,Miraflores,Hogar,7,226.234881302667,1619.29258472184,Efectivo,Cancelado,3017.89551405895
759,2026-03-23,Rafael Guzmán,Trujillo,Electrónica,5,1589.26719189293,1430.3359721038,Efectivo,Cancelado,778.863080696438
760,2026-04-25,Sofía Morales,Cusco,Hogar,4,903.877686938275,1528.81526995585,Yape,Cancelado,3033.382658655501
761,2026-06-27,Valentina Espinoza,Arequipa,Alimentos,9,871.711732817028,816.789998581027,Efectivo,Pendiente,12959.84982584976
762,2026-03-08,Silvia Peña,Miraflores,Hogar,2,394.42461960308,1365.7277718144,Yape,Completado,2311.028149531416
763,2026-04-21,Gustavo Soto,San Isidro,Ropa,6,199.771390190954,1664.30081648473,Plin,Pendiente,10031.02861075584
764,2026-05-16,Rosa Castillo,Miraflores,Alimentos,7,1234.0779093646,1385.06219733794,Plin,Cancelado,ERROR
765,2026-03-08,Jorge Morales,Trujillo,Alimentos,4,1788.36026933754,732.375224354413,Tarjeta,Cancelado,4238.06397301332
766,2026-06-20,Roberto Meza,Trujillo,Ropa,5,1330.13066206231,1028.44406451659,Yape,Completado,954.947754238332
767,2026-08-20,Oscar Navarro,Trujillo,Alimentos,7,1766.85296389009,175.51497285929,Yape,Cancelado,2008.114025371539
768,2027-01-25,Pablo Torres,Trujillo,Ropa,8,995.051110895528,1878.67422752085,Yape,Pendiente,10951.41728146752
769,2026-06-14,Sergio Delgado,Arequipa,Electrónica,1,913.167660657642,1509.29372297034,Tarjeta,Completado,339.8364417675960
770,2026-12-05,Fernanda Soto,Cusco,Ropa,10,-738.396848422192,1051.13406509688,Yape,Cancelado,341.795011313908
771,2026-07-17,Isabel Castillo,Cusco,Ropa,10,959.089799408323,1046.09242100769,Tarjeta,Cancelado,3017.04043458366
772,2027-01-23,Verónica León,Trujillo,Hogar,10,850.076337442809,1697.77843814283,Tarjeta,Cancelado,3532.123073021676
773,2026-07-02,Rosa Castillo,Miraflores,Electrónica,2,1246.65627372555,211.289735622888,Tarjeta,Cancelado,463.9901046525507
774,2026-10-25,Gustavo Soto,San Isidro,Alimentos,6,1557.34598166243,697.557456936509,Plin,Cancelado,3475.618433764720
775,2026-05-21,Oscar Navarro,Miraflores,Electrónica,11,1756.9963154189,480.919489389923,Plin,Completado,1258.32580265847
776,2026-07-18,Sebastián León,Arequipa,Alimentos,10,1273.97284742516,1303.00768127958,Tarjeta,Cancelado,7671.74142710143
777,2026-10-22,Martina Delgado,Trujillo,Alimentos,3,32.5383044088325,1112.67923963353,Efectivo,Completado,9726.74787246976
778,2026-08-11,Javier Lozano,San Isidro,Electrónica,8,988.83581435106,453.473379774177,Tarjeta,Cancelado,10395.24559854669
779,2026-11-03,Felipe Mendoza,Cusco,Ropa,9,377.1973868379,732.161779786614,Yape,Cancelado,1411.568755425044
780,2026-08-04,Andrés Campos,Trujillo,Alimentos,9,1516.07588136683,621.019301956921,Tarjeta,Completado,520.323742587303
781,2026-12-24,Rodrigo Castro,Arequipa,Ropa,10,1486.46456196599,1119.71757410144,Efectivo,Pendiente,3483.38660634051
782,2026-08-21,,San Isidro,Ropa,11,676.069811888669,1378.37912778902,Plin,Cancelado,ERROR
783,2026-07-02,Gabriela Suárez,Miraflores,Hogar,6,15.7396152603207,1524.51689199163,Yape,Pendiente,11083.35514541450
784,2026-11-08,Carlos Ruiz,Miraflores,Alimentos,7,1531.88127866072,1580.69254132331,Tarjeta,Completado,5628.948128114520
785,2026-08-22,,San Isidro,Alimentos,2,990.207726291433,709.78017981778,Efectivo,Cancelado,4314.495819316680
786,2026-03-28,Martina Delgado,Miraflores,Hogar,2,1142.41998201331,877.138916642742,Tarjeta,Completado,5980.07630225770
787,2026-11-11,Daniela Paredes,San Isidro,Hogar,10,1026.91064802548,1560.81488029,Efectivo,Pendiente,3462.2994389668
788,2026-12-10,Rafael Guzmán,Trujillo,Electrónica,9,527.790333546209,1180.50945326028,Efectivo,Pendiente,
789,2026-11-25,Felipe Mendoza,San Isidro,Electrónica,5,1615.4106079279,278.030564933608,Efectivo,Pendiente,7555.955494097970
790,2026-03-29,Carlos Ruiz,Trujillo,Hogar,3,1468.4630559099,864.664198021705,Tarjeta,Pendiente,927.220192861485
791,2027-02-11,Carlos Ruiz,Miraflores,Alimentos,6,381.608580817135,1236.73393123579,Plin,Cancelado,ERROR
792,2026-11-27,Gustavo Soto,San Isidro,Ropa,7,1543.22429872891,1669.18613978218,Efectivo,Pendiente,775.699914865757
793,2026-06-16,,Arequipa,Electrónica,3,1253.7648318063,864.599023502288,Plin,Pendiente,652.553858456244
794,2027-01-15,Rosa Castillo,Trujillo,Hogar,10,217.531855302,1028.53503217258,Efectivo,Cancelado,7344.11846913366
795,2026-10-03,Javier Lozano,Trujillo,Electrónica,4,637.860361529069,863.035580588055,Efectivo,Cancelado,5986.311983241786
796,2027-02-05,Diego Valdez,Arequipa,Alimentos,6,1247.88492150922,211.704496248413,Tarjeta,Pendiente,2201.1427344230
797,2026-08-04,Alberto Ponce,Trujillo,Hogar,5,1632.0726179611,648.400543593378,Yape,Pendiente,1309.297747307778
798,2026-12-09,Fernando Castro,San Isidro,Hogar,3,427.697553897576,1158.30246422444,Efectivo,Cancelado,1873.080654649068
799,2026-05-23,Carlos Ruiz,Arequipa,Electrónica,4,1051.01773839157,109.337150019334,Tarjeta,Completado,7638.29803297824
800,2026-04-12,Claudia Chávez,Miraflores,Hogar,10,1753.55899013549,1986.19057080566,Yape,Cancelado,3721.90611398896
